CODIGO_ENTIDAD|NOMBRE|TIPO_GESTION|ESTADO_LICENCIAMIENTO|PERIODO_LICENCIAMIENTO|CODIGO_FILIAL|NOMBRE_FILIAL|DEPARTAMENTO_FILIAL|PROVINCIA_FILIAL|CODIGO_LOCAL|DEPARTAMENTO_LOCAL|PROVINCIA_LOCAL|DISTRITO_LOCAL|LATITUD_UBICACION|LONGITUD_UBICACION|TIPO_AUTORIZACION_LOCAL|DENOMINACION_PROGRAMA|TIPO_NIVEL_ACADEMICO|NIVEL_ACADEMICO|CODIGO_CLASE_PROGRAMA_N2|NOMBRE_CLASE_PROGRAMA_N2|TIPO_AUTORIZACION_PROGRAMA|TIPO_AUTORIZACION_PROGRAMA_LOCAL
065|UNIVERSIDAD TECNOLOGICA DEL PERU S.A.C.|PRIVADO|LICENCIA OTORGADA|6|S|UTP-LIMA|LIMA|LIMA|SL09|LIMA|LIMA|SAN JUAN DE LURIGANCHO|-11.98329601|-77.00953028|AUTORIZADO POR LIC.|ADMINISTRACION DE EMPRESAS|PREGRADO|CARRERA PROFESIONAL|41|ADMINISTRACION Y COMERCIO|RECONOCIDO POR LIC.|RECONOCIDO POR LIC.
008|PONTIFICIA UNIVERSIDAD CATOLICA DEL PERU|PRIVADO|LICENCIA OTORGADA|10|S|PUCP-LIMA|LIMA|LIMA|SL01|LIMA|LIMA|SAN MIGUEL|-12.0693438|-77.080122|AUTORIZADO POR LIC.|DERECHO DE LA EMPRESA CON MENCION EN RESPONSABILIDAD SOCIAL|POSGRADO|MAESTRIA|42|DERECHO|RECONOCIDO POR LIC.|RECONOCIDO POR LIC.
065|UNIVERSIDAD TECNOLOGICA DEL PERU S.A.C.|PRIVADO|LICENCIA OTORGADA|6|S|UTP-LIMA|LIMA|LIMA|SL02|LIMA|LIMA|LIMA|-12.06576795|-77.03693393|AUTORIZADO POR LIC.|INGENIERIA MARITIMA CON MENCION PUENTE|PREGRADO|CARRERA PROFESIONAL|00|NINGUNO|RECONOCIDO POR LIC.|RECONOCIDO POR LIC.
052A|UNIVERSIDAD CESAR VALLEJO S.A.C.|PRIVADO|LICENCIA OTORGADA|6|F01|UPCV-PIURA|PIURA|PIURA|F01L01|PIURA|PIURA|VEINTISEIS DE OCTUBRE|-5.168798939|-80.65734342|AUTORIZADO POR LIC.|MAESTRIA EN ADMINISTRACION DE NEGOCIOS - MBA|POSGRADO|MAESTRIA|41|ADMINISTRACION Y COMERCIO|RECONOCIDO POR LIC.|RECONOCIDO POR LIC.
065|UNIVERSIDAD TECNOLOGICA DEL PERU S.A.C.|PRIVADO|LICENCIA OTORGADA|6|F02|UTP-LAMBAYEQUE|LAMBAYEQUE|CHICLAYO|F02L01|LAMBAYEQUE|CHICLAYO|CHICLAYO|-6.7929064|-79.8644851|AUTORIZADO POR LIC.|INGENIERIA DE SISTEMAS E INFORMATICA|PREGRADO|CARRERA PROFESIONAL|61|INFORMATICA|RECONOCIDO POR LIC.|RECONOCIDO POR LIC.
014|UNIVERSIDAD PERUANA CAYETANO HEREDIA|PRIVADO|LICENCIA OTORGADA|10|S|UPCH-LIMA|LIMA|LIMA|SL04|LIMA|LIMA|MIRAFLORES|-12.13402606|-77.02627908|AUTORIZADO POR LIC.|PROGRAMA DE SEGUNDA ESPECIALIDAD PROFESIONAL EN GERIATRIA|POSGRADO|SEGUNDA ESPECIALIDAD|92|BIENESTAR|RECONOCIDO POR LIC.|RECONOCIDO POR LIC.
054|UNIVERSIDAD PERUANA DE CIENCIAS APLICADAS S.A.C.|PRIVADO|LICENCIA OTORGADA|6|S|UPC-LIMA|LIMA|LIMA|SL10|LIMA|LIMA|CHORRILLOS|-12.1964766|-77.0055369|AUTORIZADO POR LIC.|MAESTRIA EN TRADUCCION|POSGRADO|MAESTRIA|23|IDIOMAS|RECONOCIDO POR LIC.|RECONOCIDO POR LIC.
041|UNIVERSIDAD NACIONAL DE TUMBES|PUBLICO|LICENCIA OTORGADA|6|S|UNT-TUMBES|TUMBES|TUMBES|SL01|TUMBES|TUMBES|TUMBES|-3.585267|-80.443305|AUTORIZADO POR LIC.|MAESTRIA EN DERECHO CON MENCION EN DERECHO CONSTITUCIONAL Y ADMINISTRATIVO|POSGRADO|MAESTRIA|42|DERECHO|RECONOCIDO POR LIC.|RECONOCIDO POR LIC.
014|UNIVERSIDAD PERUANA CAYETANO HEREDIA|PRIVADO|LICENCIA OTORGADA|10|S|UPCH-LIMA|LIMA|LIMA|SL04|LIMA|LIMA|MIRAFLORES|-12.13402606|-77.02627908|AUTORIZADO POR LIC.|PROGRAMA DE SEGUNDA ESPECIALIDAD PROFESIONAL EN ODONTOLOGIA FORENSE|POSGRADO|SEGUNDA ESPECIALIDAD|91|SALUD|RECONOCIDO POR LIC.|RECONOCIDO POR LIC.
003|UNIVERSIDAD NACIONAL DE SAN ANTONIO ABAD DEL CUSCO|PUBLICO|LICENCIA OTORGADA|8|F06|UNSAAC-APURIMAC|APURIMAC|ANDAHUAYLAS|F06L01|APURIMAC|ANDAHUAYLAS|ANDAHUAYLAS|-13.6616515|-73.3767641|AUTORIZADO POR LIC.|MAESTRIA EN CONTABILIDAD MENCION TRIBUTACION|POSGRADO|MAESTRIA|00|NINGUNO|RECONOCIDO POR LIC.|RECONOCIDO POR LIC.
010|UNIVERSIDAD NACIONAL DEL CENTRO DEL PERU|PUBLICO|LICENCIA OTORGADA|6|S|UNCP-JUNIN|JUNIN|HUANCAYO|SL01|JUNIN|HUANCAYO|EL TAMBO|-12.0330464|-75.237332|AUTORIZADO POR LIC.|MAESTRIA EN ADMINISTRACION MENCION MARKETING Y GESTION DE NEGOCIOS INTERNACIONALES|POSGRADO|MAESTRIA|00|NINGUNO|RECONOCIDO POR LIC.|RECONOCIDO POR LIC.
049|UNIVERSIDAD MARCELINO CHAMPAGNAT|PRIVADO|LICENCIA OTORGADA|6|S|UMCH-LIMA|LIMA|LIMA|SL01|LIMA|LIMA|SANTIAGO DE SURCO|-12.1363972|-77.0057685|AUTORIZADO POR LIC.|COMPLEMENTACION ACADEMICA|PREGRADO|CARRERA PROFESIONAL|00|NINGUNO|RECONOCIDO POR LIC.|RECONOCIDO POR LIC.
014|UNIVERSIDAD PERUANA CAYETANO HEREDIA|PRIVADO|LICENCIA OTORGADA|10|S|UPCH-LIMA|LIMA|LIMA|SL03|LIMA|LIMA|SAN ISIDRO|-12.091066|-77.052041|AUTORIZADO POR LIC.|PSICOLOGIA DE LA SALUD|POSGRADO|SEGUNDA ESPECIALIDAD|00|NINGUNO|RECONOCIDO POR LIC.|RECONOCIDO POR LIC.
042|UNIVERSIDAD NACIONAL DEL SANTA|PUBLICO|LICENCIA OTORGADA|6|S|UNS-ANCASH|ANCASH|SANTA|SL01|ANCASH|SANTA|NUEVO CHIMBOTE|-9.1195533|-78.5133704|DECLARADO|SEGUNDA ESPECIALIDAD PROFESIONAL EN ENFERMERIA MENCION CUIDADO INTEGRAL INFANTIL: CRECIMIENTO Y DESARROLLO|POSGRADO|SEGUNDA ESPECIALIDAD|00|NINGUNO|RECONOCIDO POR LIC.|RECONOCIDO POR LIC.
012|UNIVERSIDAD NACIONAL DEL ALTIPLANO|PUBLICO|LICENCIA OTORGADA|6|S|UNA-PUNO|PUNO|PUNO|SL01|PUNO|PUNO|PUNO|-15.8243805|-70.0162544|AUTORIZADO POR LIC.|DOCTORADO EN CIENCIA, TECNOLOGIA Y MEDIO AMBIENTE|POSGRADO|DOCTORADO|52|MEDIO AMBIENTE|RECONOCIDO POR LIC.|RECONOCIDO POR LIC.
046|UNIVERSIDAD PRIVADA ANTENOR ORREGO|PRIVADO|LICENCIA OTORGADA|6|S|UPAO-LA LIBERTAD|LA LIBERTAD|TRUJILLO|SL01|LA LIBERTAD|TRUJILLO|TRUJILLO|-8.1270487|-79.0314756|AUTORIZADO POR LIC.|PSIQUIATRIA|POSGRADO|SEGUNDA ESPECIALIDAD|91|SALUD|RECONOCIDO POR LIC.|RECONOCIDO POR LIC.
068|UNIVERSIDAD CIENTIFICA DEL SUR S.A.C.|PRIVADO|LICENCIA OTORGADA|6|S|UCS-LIMA|LIMA|LIMA|SL04|LIMA|LIMA|MIRAFLORES|-12.1194134|-77.0261271|AUTORIZADO POR LIC.|SEGUNDA ESPECIALIDAD EN RADIOLOGIA|POSGRADO|SEGUNDA ESPECIALIDAD|91|SALUD|RECONOCIDO POR LIC.|RECONOCIDO POR LIC.
046|UNIVERSIDAD PRIVADA ANTENOR ORREGO|PRIVADO|LICENCIA OTORGADA|6|F01|UPAO-PIURA|PIURA|PIURA|F01L01|PIURA|PIURA|PIURA|-5.1782884|-80.6548882|AUTORIZADO POR LIC.|INGENIERIA CIVIL|PREGRADO|CARRERA PROFESIONAL|73|ARQUITECTURA Y CONSTRUCCION|RECONOCIDO POR LIC.|RECONOCIDO POR LIC.
071|UNIVERSIDAD CATOLICA SEDES SAPIENTIAE|PRIVADO|LICENCIA OTORGADA|6|F02|UCSS-UCAYALI|UCAYALI|ATALAYA|F02L01|UCAYALI|ATALAYA|RAYMONDI|-10.7299969|-73.7556001|AUTORIZADO POR LIC.|INGENIERIA AGRARIA CON MENCION FORESTAL|PREGRADO|CARRERA PROFESIONAL|82|SILVICULTURA|RECONOCIDO POR LIC.|RECONOCIDO POR LIC.
034|UNIVERSIDAD NACIONAL DE SAN MARTIN|PUBLICO|LICENCIA OTORGADA|6|S|UNSM-SAN MARTIN|SAN MARTIN|SAN MARTIN|SL02|SAN MARTIN|SAN MARTIN|MORALES|-6.484769492|-76.37760713|AUTORIZADO POR LIC.|DOCTORADO EN CIENCIAS DE LA EDUCACION|POSGRADO|DOCTORADO|19|OTROS PROGRAMAS EN EDUCACION|RECONOCIDO POR LIC.|RECONOCIDO POR LIC.
068|UNIVERSIDAD CIENTIFICA DEL SUR S.A.C.|PRIVADO|LICENCIA OTORGADA|6|S|UCS-LIMA|LIMA|LIMA|SL01|LIMA|LIMA|VILLA EL SALVADOR|-12.2215281|-76.9766998|AUTORIZADO POR LIC.|ENFERMERIA|PREGRADO|CARRERA PROFESIONAL|91|SALUD|RECONOCIDO POR LIC.|RECONOCIDO POR LIC.
008|PONTIFICIA UNIVERSIDAD CATOLICA DEL PERU|PRIVADO|LICENCIA OTORGADA|10|S|PUCP-LIMA|LIMA|LIMA|SL01|LIMA|LIMA|SAN MIGUEL|-12.0693438|-77.080122|AUTORIZADO POR LIC.|DOCTORADO EN HISTORIA|POSGRADO|DOCTORADO|22|HUMANIDADES|RECONOCIDO POR LIC.|RECONOCIDO POR LIC.
014|UNIVERSIDAD PERUANA CAYETANO HEREDIA|PRIVADO|LICENCIA OTORGADA|10|S|UPCH-LIMA|LIMA|LIMA|SL01|LIMA|LIMA|SAN MARTIN DE PORRES|-12.0239471|-77.0564991|AUTORIZADO POR LIC.|PROGRAMA DE SEGUNDA ESPECIALIDAD PROFESIONAL EN PSIQUIATRIA COMUNITARIA Y SOCIAL|POSGRADO|SEGUNDA ESPECIALIDAD|02|SERVICIOS DE HIGIENE Y SALUD OCUPACIONAL|RECONOCIDO POR LIC.|RECONOCIDO POR LIC.
012|UNIVERSIDAD NACIONAL DEL ALTIPLANO|PUBLICO|LICENCIA OTORGADA|6|S|UNA-PUNO|PUNO|PUNO|SL01|PUNO|PUNO|PUNO|-15.8243805|-70.0162544|AUTORIZADO POR LIC.|MAESTRIA EN EDUCACION MENCION EN EDUCACION INTERCULTURAL BILING�E|POSGRADO|MAESTRIA|19|OTROS PROGRAMAS EN EDUCACION|RECONOCIDO POR LIC.|RECONOCIDO POR LIC.
007|UNIVERSIDAD NACIONAL AGRARIA LA MOLINA|PUBLICO|LICENCIA OTORGADA|8|S|UNALM-LIMA|LIMA|LIMA|SL01|LIMA|LIMA|LA MOLINA|-12.0817493|-76.9431895|AUTORIZADO POR LIC.|INGENIERIA EN GESTION EMPRESARIAL|PREGRADO|CARRERA PROFESIONAL|41|ADMINISTRACION Y COMERCIO|RECONOCIDO POR LIC.|RECONOCIDO POR LIC.
015|UNIVERSIDAD CATOLICA DE SANTA MARIA|PRIVADO|LICENCIA OTORGADA|6|S|UCSM-AREQUIPA|AREQUIPA|AREQUIPA|SL02|AREQUIPA|AREQUIPA|AREQUIPA|-16.4048982|-71.5498378|AUTORIZADO POR LIC.|MAESTRIA EN SALUD OCUPACIONAL Y DEL MEDIO AMBIENTE|POSGRADO|MAESTRIA|02|SERVICIOS DE HIGIENE Y SALUD OCUPACIONAL|RECONOCIDO POR LIC.|RECONOCIDO POR LIC.
005|UNIVERSIDAD NACIONAL DE SAN AGUSTIN DE AREQUIPA|PUBLICO|LICENCIA OTORGADA|10|S|UNSA-AREQUIPA|AREQUIPA|AREQUIPA|SL02|AREQUIPA|AREQUIPA|AREQUIPA|-16.4086078|-71.5285764|AUTORIZADO POR LIC.|CIENCIAS DE LA COMUNICACION CON ESPECIALIDAD EN PERIODISMO|PREGRADO|CARRERA PROFESIONAL|32|PERIODISMO E INFORMACION|RECONOCIDO POR LIC.|RECONOCIDO POR LIC.
013|UNIVERSIDAD NACIONAL DE PIURA|PUBLICO|LICENCIA OTORGADA|6|S|UNP-PIURA|PIURA|PIURA|SL01|PIURA|PIURA|CASTILLA|-5.179311|-80.6188325|AUTORIZADO POR LIC.|MAESTRIA EN SALUD PUBLICA CON MENCION EN EDUCACION MEDICA|POSGRADO|MAESTRIA|02|SERVICIOS DE HIGIENE Y SALUD OCUPACIONAL|RECONOCIDO POR LIC.|RECONOCIDO POR LIC.
015|UNIVERSIDAD CATOLICA DE SANTA MARIA|PRIVADO|LICENCIA OTORGADA|6|S|UCSM-AREQUIPA|AREQUIPA|AREQUIPA|SL01|AREQUIPA|AREQUIPA|AREQUIPA|-16.4061786|-71.5476298|AUTORIZADO POR LIC.|ENFERMERIA EN PEDIATRIA|POSGRADO|SEGUNDA ESPECIALIDAD|92|BIENESTAR|RECONOCIDO POR LIC.|RECONOCIDO POR LIC.
001|UNIVERSIDAD NACIONAL MAYOR DE SAN MARCOS|PUBLICO|LICENCIA OTORGADA|10|S|UNMSM-LIMA|LIMA|LIMA|SL01|LIMA|LIMA|LIMA|-12.0560257|-77.0844226|AUTORIZADO POR LIC.|CIENCIAS DE LA GESTION ECONOMICO EMPRESARIAL|POSGRADO|MAESTRIA|31|CIENCIAS SOCIALES Y DEL COMPORTAMIENTO|RECONOCIDO POR LIC.|RECONOCIDO POR LIC.
055|UNIVERSIDAD PRIVADA DEL NORTE S.A.C.|PRIVADO|LICENCIA OTORGADA|6|S|UPN-LA LIBERTAD|LA LIBERTAD|TRUJILLO|SL03|LA LIBERTAD|TRUJILLO|TRUJILLO|-8.0950664|-79.0498645|AUTORIZADO POR LIC.|INGENIERIA AMBIENTAL|PREGRADO|CARRERA PROFESIONAL|52|MEDIO AMBIENTE|RECONOCIDO POR LIC.|RECONOCIDO POR LIC.
014|UNIVERSIDAD PERUANA CAYETANO HEREDIA|PRIVADO|LICENCIA OTORGADA|10|S|UPCH-LIMA|LIMA|LIMA|SL04|LIMA|LIMA|MIRAFLORES|-12.13402606|-77.02627908|AUTORIZADO POR LIC.|PSICOLOGIA ESCOLAR Y PROBLEMAS DE APRENDIZAJE|POSGRADO|SEGUNDA ESPECIALIDAD|00|NINGUNO|RECONOCIDO POR LIC.|RECONOCIDO POR LIC.
052A|UNIVERSIDAD CESAR VALLEJO S.A.C.|PRIVADO|LICENCIA OTORGADA|6|F07|UPCV-SAN MARTIN|SAN MARTIN|MOYOBAMBA|F07L03|SAN MARTIN|MOYOBAMBA|MOYOBAMBA|-6.032752051|-76.97476265|AUTORIZADO POR LIC.|DERECHO|PREGRADO|CARRERA PROFESIONAL|42|DERECHO|RECONOCIDO POR LIC.|RECONOCIDO POR LIC.
061|UNIVERSIDAD PRIVADA NORBERT WIENER S.A.|PRIVADO|LICENCIA OTORGADA|6|S|UPNW-LIMA|LIMA|LIMA|SL01|LIMA|LIMA|LIMA|-12.0697607|-77.0374712|AUTORIZADO POR LIC.|SEGUNDA ESPECIALIDAD EN GESTION DE SERVICIOS DE SALUD Y ENFERMERIA|POSGRADO|SEGUNDA ESPECIALIDAD|41|ADMINISTRACION Y COMERCIO|RECONOCIDO POR LIC.|RECONOCIDO POR LIC.
001|UNIVERSIDAD NACIONAL MAYOR DE SAN MARCOS|PUBLICO|LICENCIA OTORGADA|10|S|UNMSM-LIMA|LIMA|LIMA|SL01|LIMA|LIMA|LIMA|-12.0560257|-77.0844226|AUTORIZADO POR LIC.|COMPUTACION E INFORMATICA|POSGRADO|SEGUNDA ESPECIALIDAD|61|INFORMATICA|RECONOCIDO POR LIC.|RECONOCIDO POR LIC.
006|UNIVERSIDAD NACIONAL DE INGENIERIA|PUBLICO|LICENCIA OTORGADA|10|S|UNI-LIMA|LIMA|LIMA|SL01|LIMA|LIMA|RIMAC|-12.0220074|-77.0493646|AUTORIZADO POR LIC.|MAESTRIA EN CIENCIAS EN INGENIERIA DE SISTEMAS|POSGRADO|MAESTRIA|61|INFORMATICA|RECONOCIDO POR LIC.|RECONOCIDO POR LIC.
014|UNIVERSIDAD PERUANA CAYETANO HEREDIA|PRIVADO|LICENCIA OTORGADA|10|S|UPCH-LIMA|LIMA|LIMA|SL01|LIMA|LIMA|SAN MARTIN DE PORRES|-12.0239471|-77.0564991|AUTORIZADO POR LIC.|PROGRAMA DE SEGUNDA ESPECIALIDAD PROFESIONAL EN ENFERMERIA EN SALUD OCUPACIONAL|POSGRADO|SEGUNDA ESPECIALIDAD|02|SERVICIOS DE HIGIENE Y SALUD OCUPACIONAL|RECONOCIDO POR LIC.|RECONOCIDO POR LIC.
054|UNIVERSIDAD PERUANA DE CIENCIAS APLICADAS S.A.C.|PRIVADO|LICENCIA OTORGADA|6|S|UPC-LIMA|LIMA|LIMA|SL07|LIMA|LIMA|SAN MIGUEL|-12.0810086|-77.0707359|AUTORIZADO POR LIC.|DISE�O PROFESIONAL DE INTERIORES|PREGRADO|CARRERA PROFESIONAL|21|ARTE|RECONOCIDO POR LIC.|RECONOCIDO POR LIC.
055|UNIVERSIDAD PRIVADA DEL NORTE S.A.C.|PRIVADO|LICENCIA OTORGADA|6|F02|UPN-LIMA|LIMA|LIMA|F02L01|LIMA|LIMA|LOS OLIVOS|-11.9646093|-77.0675632|AUTORIZADO POR LIC.|COMUNICACION AUDIOVISUAL EN MEDIOS DIGITALES|PREGRADO|CARRERA PROFESIONAL|21|ARTE|RECONOCIDO POR LIC.|RECONOCIDO POR LIC.
019|UNIVERSIDAD DE SAN MARTIN DE PORRES|PRIVADO|LICENCIA OTORGADA|6|S|USMP-LIMA|LIMA|LIMA|SL01|LIMA|LIMA|SANTA ANITA|-12.045948|-76.9681914|AUTORIZADO POR LIC.|NEUROCIRUGIA|POSGRADO|SEGUNDA ESPECIALIDAD|91|SALUD|RECONOCIDO POR LIC.|RECONOCIDO POR LIC.
061|UNIVERSIDAD PRIVADA NORBERT WIENER S.A.|PRIVADO|LICENCIA OTORGADA|6|S|UPNW-LIMA|LIMA|LIMA|SL01|LIMA|LIMA|LIMA|-12.0697607|-77.0374712|AUTORIZADO POR LIC.|TECNOLOGIA MEDICA EN LABORATORIO CLINICO Y ANATOMIA PATOLOGICA|PREGRADO|CARRERA PROFESIONAL|00|NINGUNO|RECONOCIDO POR LIC.|RECONOCIDO POR LIC.
065|UNIVERSIDAD TECNOLOGICA DEL PERU S.A.C.|PRIVADO|LICENCIA OTORGADA|6|F05|UTP-ICA|ICA|ICA|F05L01|ICA|ICA|ICA|-14.07546|-75.7341811|AUTORIZADO POR LIC.|INGENIERIA INDUSTRIAL|PREGRADO|CARRERA PROFESIONAL|72|INDUSTRIA Y PRODUCCION|RECONOCIDO POR LIC.|RECONOCIDO POR LIC.
004|UNIVERSIDAD NACIONAL DE TRUJILLO|PUBLICO|LICENCIA OTORGADA|8|S|UNT-LA LIBERTAD|LA LIBERTAD|TRUJILLO|SL01|LA LIBERTAD|TRUJILLO|TRUJILLO|-8.1142716|-79.0383735|AUTORIZADO POR LIC.|TURISMO|PREGRADO|CARRERA PROFESIONAL|01|SERVICIOS PERSONALES|RECONOCIDO POR LIC.|RECONOCIDO POR LIC.
027|UNIVERSIDAD NACIONAL DEL CALLAO|PUBLICO|LICENCIA OTORGADA|6|S|UNC-CALLAO|CALLAO|PROV. CONST. DEL CALLAO|SL01|CALLAO|PROV. CONST. DEL CALLAO|BELLAVISTA|-12.0612769|-77.1173082|AUTORIZADO POR LIC.|SEGUNDA ESPECIALIDAD PROFESIONAL EN ENFERMERIA EN CRECIMIENTO, DESARROLLO DEL NI�O Y ESTIMULACION DE LA PRIMERA INFANCIA|POSGRADO|SEGUNDA ESPECIALIDAD|92|BIENESTAR|RECONOCIDO POR LIC.|RECONOCIDO POR LIC.
019|UNIVERSIDAD DE SAN MARTIN DE PORRES|PRIVADO|LICENCIA OTORGADA|6|S|USMP-LIMA|LIMA|LIMA|SL01|LIMA|LIMA|SANTA ANITA|-12.045948|-76.9681914|AUTORIZADO POR LIC.|CIRUGIA PEDIATRICA|POSGRADO|SEGUNDA ESPECIALIDAD|91|SALUD|RECONOCIDO POR LIC.|RECONOCIDO POR LIC.
052A|UNIVERSIDAD CESAR VALLEJO S.A.C.|PRIVADO|LICENCIA OTORGADA|6|F05|UPCV-LIMA|LIMA|LIMA|F05L03|LIMA|LIMA|ATE|-12.0228788|-76.9105401|AUTORIZADO POR LIC.|ADMINISTRACION|PREGRADO|CARRERA PROFESIONAL|41|ADMINISTRACION Y COMERCIO|RECONOCIDO POR LIC.|RECONOCIDO POR LIC.
001|UNIVERSIDAD NACIONAL MAYOR DE SAN MARCOS|PUBLICO|LICENCIA OTORGADA|10|S|UNMSM-LIMA|LIMA|LIMA|SL01|LIMA|LIMA|LIMA|-12.0560257|-77.0844226|AUTORIZADO POR LIC.|INGENIERIA GEOGRAFICA|PREGRADO|CARRERA PROFESIONAL|53|CIENCIAS FISICAS Y QUIMICAS|RECONOCIDO POR LIC.|RECONOCIDO POR LIC.
069|UNIVERSIDAD CATOLICA SANTO TORIBIO DE MOGROVEJO|PRIVADO|LICENCIA OTORGADA|6|S|UCSTM-LAMBAYEQUE|LAMBAYEQUE|CHICLAYO|SL01|LAMBAYEQUE|CHICLAYO|CHICLAYO|-6.760456|-79.863203|AUTORIZADO POR LIC.|MAESTRIA EN INGENIERIA INDUSTRIAL CON MENCION EN GESTION DE OPERACIONES Y LOGISTICA|POSGRADO|MAESTRIA|00|NINGUNO|RECONOCIDO POR LIC.|RECONOCIDO POR LIC.
019|UNIVERSIDAD DE SAN MARTIN DE PORRES|PRIVADO|LICENCIA OTORGADA|6|S|USMP-LIMA|LIMA|LIMA|SL01|LIMA|LIMA|SANTA ANITA|-12.045948|-76.9681914|AUTORIZADO POR LIC.|ENFERMERIA EN SALUD PUBLICA|POSGRADO|SEGUNDA ESPECIALIDAD|02|SERVICIOS DE HIGIENE Y SALUD OCUPACIONAL|RECONOCIDO POR LIC.|RECONOCIDO POR LIC.
014|UNIVERSIDAD PERUANA CAYETANO HEREDIA|PRIVADO|LICENCIA OTORGADA|10|S|UPCH-LIMA|LIMA|LIMA|SL04|LIMA|LIMA|MIRAFLORES|-12.13402606|-77.02627908|AUTORIZADO POR LIC.|MAESTRIA EN MEDICINA|POSGRADO|MAESTRIA|91|SALUD|RECONOCIDO POR LIC.|RECONOCIDO POR LIC.
019|UNIVERSIDAD DE SAN MARTIN DE PORRES|PRIVADO|LICENCIA OTORGADA|6|S|USMP-LIMA|LIMA|LIMA|SL06|LIMA|LIMA|SURQUILLO|-12.1052364|-77.0177466|AUTORIZADO POR LIC.|RELACIONES PUBLICAS|POSGRADO|MAESTRIA|41|ADMINISTRACION Y COMERCIO|RECONOCIDO POR LIC.|RECONOCIDO POR LIC.
030|UNIVERSIDAD RICARDO PALMA|PRIVADO|LICENCIA OTORGADA|6|S01|URP-LIMA|LIMA|LIMA|S01L01|LIMA|LIMA|SANTIAGO DE SURCO|-12.1318458|-76.9796463|AUTORIZADO POR LIC.|ESPECIALIDAD: MEDICINA NUCLEAR|POSGRADO|SEGUNDA ESPECIALIDAD|00|NINGUNO|RECONOCIDO POR LIC.|RECONOCIDO POR LIC.
016|UNIVERSIDAD NACIONAL DE CAJAMARCA|PUBLICO|LICENCIA OTORGADA|6|S01|UNC-CAJAMARCA|CAJAMARCA|CAJAMARCA|S01L01|CAJAMARCA|CAJAMARCA|CAJAMARCA|-7.167159|-78.4965043|AUTORIZADO POR LIC.|MEDICINA OCUPACIONAL Y DEL MEDIO AMBIENTE|POSGRADO|SEGUNDA ESPECIALIDAD|02|SERVICIOS DE HIGIENE Y SALUD OCUPACIONAL|RECONOCIDO POR LIC.|RECONOCIDO POR LIC.
046|UNIVERSIDAD PRIVADA ANTENOR ORREGO|PRIVADO|LICENCIA OTORGADA|6|S|UPAO-LA LIBERTAD|LA LIBERTAD|TRUJILLO|SL01|LA LIBERTAD|TRUJILLO|TRUJILLO|-8.1270487|-79.0314756|AUTORIZADO POR LIC.|PEDIATRIA|POSGRADO|SEGUNDA ESPECIALIDAD|91|SALUD|RECONOCIDO POR LIC.|RECONOCIDO POR LIC.
002|UNIVERSIDAD NACIONAL DE SAN CRISTOBAL DE HUAMANGA|PUBLICO|LICENCIA OTORGADA|6|S|UNSCH-AYACUCHO|AYACUCHO|HUAMANGA|SL01|AYACUCHO|HUAMANGA|AYACUCHO|-13.1612654|-74.2257339|AUTORIZADO POR LIC.|MAESTRIA EN GERENCIA DE SERVICIOS DE SALUD|POSGRADO|MAESTRIA|41|ADMINISTRACION Y COMERCIO|RECONOCIDO POR LIC.|RECONOCIDO POR LIC.
012|UNIVERSIDAD NACIONAL DEL ALTIPLANO|PUBLICO|LICENCIA OTORGADA|6|S|UNA-PUNO|PUNO|PUNO|SL01|PUNO|PUNO|PUNO|-15.8243805|-70.0162544|AUTORIZADO POR LIC.|MAESTRIA EN CONTABILIDAD Y ADMINISTRACION MENCION EN MARKETING Y NEGOCIOS INTERNACIONALES|POSGRADO|MAESTRIA|41|ADMINISTRACION Y COMERCIO|RECONOCIDO POR LIC.|RECONOCIDO POR LIC.
001|UNIVERSIDAD NACIONAL MAYOR DE SAN MARCOS|PUBLICO|LICENCIA OTORGADA|10|S|UNMSM-LIMA|LIMA|LIMA|SL01|LIMA|LIMA|LIMA|-12.0560257|-77.0844226|AUTORIZADO POR LIC.|GENERO Y DESARROLLO|POSGRADO|MAESTRIA|31|CIENCIAS SOCIALES Y DEL COMPORTAMIENTO|RECONOCIDO POR LIC.|RECONOCIDO POR LIC.
042|UNIVERSIDAD NACIONAL DEL SANTA|PUBLICO|LICENCIA OTORGADA|6|S|UNS-ANCASH|ANCASH|SANTA|SL01|ANCASH|SANTA|NUEVO CHIMBOTE|-9.1195533|-78.5133704|DECLARADO|ENFERMERIA|PREGRADO|CARRERA PROFESIONAL|91|SALUD|RECONOCIDO POR LIC.|RECONOCIDO POR LIC.
014|UNIVERSIDAD PERUANA CAYETANO HEREDIA|PRIVADO|LICENCIA OTORGADA|10|S|UPCH-LIMA|LIMA|LIMA|SL02|LIMA|LIMA|LA MOLINA|-12.0695303|-76.9685595|AUTORIZADO POR LIC.|DOCTORADO EN CIENCIAS DE LA VIDA|POSGRADO|DOCTORADO|51|CIENCIAS BIOLOGICAS Y AFINES|RECONOCIDO POR LIC.|RECONOCIDO POR LIC.
052A|UNIVERSIDAD CESAR VALLEJO S.A.C.|PRIVADO|LICENCIA OTORGADA|6|F05|UPCV-LIMA|LIMA|LIMA|F05L02|LIMA|LIMA|SAN JUAN DE LURIGANCHO|-11.9814929|-77.0001665|AUTORIZADO POR LIC.|ADMINISTRACION EN TURISMO Y HOTELERIA|PREGRADO|CARRERA PROFESIONAL|01|SERVICIOS PERSONALES|RECONOCIDO POR LIC.|RECONOCIDO POR LIC.
011|UNIVERSIDAD NACIONAL DE LA AMAZONIA PERUANA|PUBLICO|LICENCIA OTORGADA|8|S|UNAP-LORETO|LORETO|MAYNAS|SL08|LORETO|MAYNAS|IQUITOS|-3.7527575|-73.2699785|AUTORIZADO POR LIC.|SEGUNDA ESPECIALIDAD PROFESIONAL EN ENFERMERIA EN SALUD OCUPACIONAL|POSGRADO|SEGUNDA ESPECIALIDAD|00|NINGUNO|RECONOCIDO POR LIC.|RECONOCIDO POR LIC.
001|UNIVERSIDAD NACIONAL MAYOR DE SAN MARCOS|PUBLICO|LICENCIA OTORGADA|10|S|UNMSM-LIMA|LIMA|LIMA|SL01|LIMA|LIMA|LIMA|-12.0560257|-77.0844226|AUTORIZADO POR LIC.|INGENIERIA ELECTRONICA|PREGRADO|CARRERA PROFESIONAL|71|INGENIERIA Y PROFESIONES AFINES|RECONOCIDO POR LIC.|RECONOCIDO POR LIC.
052A|UNIVERSIDAD CESAR VALLEJO S.A.C.|PRIVADO|LICENCIA OTORGADA|6|S|UPCV-LA LIBERTAD|LA LIBERTAD|TRUJILLO|SL01|LA LIBERTAD|TRUJILLO|VICTOR LARCO HERRERA|-8.1293904|-79.0433213|AUTORIZADO POR LIC.|SEGUNDA ESPECIALIDAD EN NEUMOLOGIA|POSGRADO|SEGUNDA ESPECIALIDAD|91|SALUD|RECONOCIDO POR LIC.|RECONOCIDO POR LIC.
003|UNIVERSIDAD NACIONAL DE SAN ANTONIO ABAD DEL CUSCO|PUBLICO|LICENCIA OTORGADA|8|S|UNSAAC-CUSCO|CUSCO|CUSCO|SL01|CUSCO|CUSCO|CUSCO|-13.52193|-71.9583208|AUTORIZADO POR LIC.|EDUCACION SECUNDARIA ESPECIALIDAD CIENCIAS NATURALES|PREGRADO|CARRERA PROFESIONAL|00|NINGUNO|RECONOCIDO POR LIC.|RECONOCIDO POR LIC.
068|UNIVERSIDAD CIENTIFICA DEL SUR S.A.C.|PRIVADO|LICENCIA OTORGADA|6|S|UCS-LIMA|LIMA|LIMA|SL03|LIMA|LIMA|MIRAFLORES|-12.1211435|-77.0256582|AUTORIZADO POR LIC.|MAESTRIA EN EDUCACION SUPERIOR CON MENCION EN DOCENCIA E INVESTIGACION UNIVERSITARIA|POSGRADO|MAESTRIA|13|EDUCACION SUPERIOR Y TECNOLOGICA|RECONOCIDO POR LIC.|RECONOCIDO POR LIC.
011|UNIVERSIDAD NACIONAL DE LA AMAZONIA PERUANA|PUBLICO|LICENCIA OTORGADA|8|S|UNAP-LORETO|LORETO|MAYNAS|SL06|LORETO|MAYNAS|IQUITOS|-3.749609062|-73.24723057|AUTORIZADO POR LIC.|EDUCACION SECUNDARIA CON ESPECIALIDAD EN CIENCIAS NATURALES|PREGRADO|CARRERA PROFESIONAL|12|EDUCACION SECUNDARIA|RECONOCIDO POR LIC.|RECONOCIDO POR LIC.
014|UNIVERSIDAD PERUANA CAYETANO HEREDIA|PRIVADO|LICENCIA OTORGADA|10|S|UPCH-LIMA|LIMA|LIMA|SL03|LIMA|LIMA|SAN ISIDRO|-12.091066|-77.052041|AUTORIZADO POR LIC.|PROGRAMA DE SEGUNDA ESPECIALIDAD PROFESIONAL EN ENFERMERIA EN CENTRO QUIRURGICO ESPECIALIZADO|POSGRADO|SEGUNDA ESPECIALIDAD|91|SALUD|RECONOCIDO POR LIC.|RECONOCIDO POR LIC.
014|UNIVERSIDAD PERUANA CAYETANO HEREDIA|PRIVADO|LICENCIA OTORGADA|10|S|UPCH-LIMA|LIMA|LIMA|SL03|LIMA|LIMA|SAN ISIDRO|-12.091066|-77.052041|AUTORIZADO POR LIC.|PROGRAMA DE SEGUNDA ESPECIALIDAD PROFESIONAL EN ENFERMERIA EN SALUD FAMILIAR Y COMUNITARIA|POSGRADO|SEGUNDA ESPECIALIDAD|02|SERVICIOS DE HIGIENE Y SALUD OCUPACIONAL|RECONOCIDO POR LIC.|RECONOCIDO POR LIC.
014|UNIVERSIDAD PERUANA CAYETANO HEREDIA|PRIVADO|LICENCIA OTORGADA|10|S|UPCH-LIMA|LIMA|LIMA|SL01|LIMA|LIMA|SAN MARTIN DE PORRES|-12.0239471|-77.0564991|AUTORIZADO POR LIC.|PROGRAMA DE SEGUNDA ESPECIALIDAD PROFESIONAL EN PRODUCCION, ADMINISTRACION Y SANIDAD AVICOLA|POSGRADO|SEGUNDA ESPECIALIDAD|81|AGRICULTURA|RECONOCIDO POR LIC.|RECONOCIDO POR LIC.
010|UNIVERSIDAD NACIONAL DEL CENTRO DEL PERU|PUBLICO|LICENCIA OTORGADA|6|F03|UNCP-JUNIN|JUNIN|SATIPO|F03L01|JUNIN|SATIPO|RIO NEGRO|-11.21401817|-74.65583323|AUTORIZADO POR LIC.|MAESTRIA EN DESARROLLO SOSTENIBLE CON MENCION EN GESTION DE LA PRODUCCION ORGANICA Y AGRONEGOCIOS|POSGRADO|MAESTRIA|00|NINGUNO|RECONOCIDO POR LIC.|RECONOCIDO POR LIC.
005|UNIVERSIDAD NACIONAL DE SAN AGUSTIN DE AREQUIPA|PUBLICO|LICENCIA OTORGADA|10|S|UNSA-AREQUIPA|AREQUIPA|AREQUIPA|SL02|AREQUIPA|AREQUIPA|AREQUIPA|-16.4086078|-71.5285764|AUTORIZADO POR LIC.|MAESTRIA EN CIENCIAS: EDUCACION CON MENCION EN EDUCACION SUPERIOR|POSGRADO|MAESTRIA|13|EDUCACION SUPERIOR Y TECNOLOGICA|RECONOCIDO POR LIC.|RECONOCIDO POR LIC.
027|UNIVERSIDAD NACIONAL DEL CALLAO|PUBLICO|LICENCIA OTORGADA|6|S|UNC-CALLAO|CALLAO|PROV. CONST. DEL CALLAO|SL01|CALLAO|PROV. CONST. DEL CALLAO|BELLAVISTA|-12.0612769|-77.1173082|AUTORIZADO POR LIC.|FISICA|PREGRADO|CARRERA PROFESIONAL|53|CIENCIAS FISICAS Y QUIMICAS|RECONOCIDO POR LIC.|RECONOCIDO POR LIC.
020|UNIVERSIDAD FEMENINA DEL SAGRADO CORAZON|PRIVADO|LICENCIA OTORGADA|6|S|UNIFE-LIMA|LIMA|LIMA|SL01|LIMA|LIMA|LA MOLINA|-12.0716313|-76.9650529|AUTORIZADO POR LIC.|CONTABILIDAD Y FINANZAS|PREGRADO|CARRERA PROFESIONAL|41|ADMINISTRACION Y COMERCIO|RECONOCIDO POR LIC.|RECONOCIDO POR LIC.
008|PONTIFICIA UNIVERSIDAD CATOLICA DEL PERU|PRIVADO|LICENCIA OTORGADA|10|S|PUCP-LIMA|LIMA|LIMA|SL01|LIMA|LIMA|SAN MIGUEL|-12.0693438|-77.080122|AUTORIZADO POR LIC.|PROGRAMA DE SEGUNDA ESPECIALIDAD EN DERECHO TRIBUTARIO|POSGRADO|SEGUNDA ESPECIALIDAD|00|NINGUNO|RECONOCIDO POR LIC.|RECONOCIDO POR LIC.
001|UNIVERSIDAD NACIONAL MAYOR DE SAN MARCOS|PUBLICO|LICENCIA OTORGADA|10|S|UNMSM-LIMA|LIMA|LIMA|SL02|LIMA|LIMA|LA VICTORIA|-12.0579394|-77.0229596|AUTORIZADO POR LIC.|CIRUGIA PLASTICA|POSGRADO|SEGUNDA ESPECIALIDAD|91|SALUD|RECONOCIDO POR LIC.|RECONOCIDO POR LIC.
035|UNIVERSIDAD NACIONAL DE UCAYALI|PUBLICO|LICENCIA OTORGADA|6|S|UNU-UCAYALI|UCAYALI|CORONEL PORTILLO|SL01|UCAYALI|CORONEL PORTILLO|CALLERIA|-8.3948987|-74.5776093|AUTORIZADO POR LIC.|MAESTRIA EN GESTION EMPRESARIAL CON MENCION EN AUDITORIA DE LA GESTION EMPRESARIAL|POSGRADO|MAESTRIA|41|ADMINISTRACION Y COMERCIO|RECONOCIDO POR LIC.|RECONOCIDO POR LIC.
035|UNIVERSIDAD NACIONAL DE UCAYALI|PUBLICO|LICENCIA OTORGADA|6|S|UNU-UCAYALI|UCAYALI|CORONEL PORTILLO|SL01|UCAYALI|CORONEL PORTILLO|CALLERIA|-8.3948987|-74.5776093|AUTORIZADO POR LIC.|MAESTRIA EN EDUCACION CON MENCION EN EDUCACION INFANTIL|POSGRADO|MAESTRIA|11|EDUCACION INICIAL Y PRIMARIA|RECONOCIDO POR LIC.|RECONOCIDO POR LIC.
015|UNIVERSIDAD CATOLICA DE SANTA MARIA|PRIVADO|LICENCIA OTORGADA|6|S|UCSM-AREQUIPA|AREQUIPA|AREQUIPA|SL01|AREQUIPA|AREQUIPA|AREQUIPA|-16.4061786|-71.5476298|AUTORIZADO POR LIC.|CENTRO QUIRURGICO|POSGRADO|SEGUNDA ESPECIALIDAD|91|SALUD|RECONOCIDO POR LIC.|RECONOCIDO POR LIC.
051|UNIVERSIDAD NACIONAL DE HUANCAVELICA|PUBLICO|LICENCIA OTORGADA|6|S|UNH-HUANCAVELICA|HUANCAVELICA|HUANCAVELICA|SL01|HUANCAVELICA|HUANCAVELICA|HUANCAVELICA|-12.7781367|-74.9614392|AUTORIZADO POR LIC.|SEGUNDA ESPECIALIDAD EN SALUD FAMILIAR Y COMUNITARIA|POSGRADO|SEGUNDA ESPECIALIDAD|91|SALUD|RECONOCIDO POR LIC.|RECONOCIDO POR LIC.
012|UNIVERSIDAD NACIONAL DEL ALTIPLANO|PUBLICO|LICENCIA OTORGADA|6|S|UNA-PUNO|PUNO|PUNO|SL01|PUNO|PUNO|PUNO|-15.8243805|-70.0162544|AUTORIZADO POR LIC.|SEGUNDA ESPECIALIDAD EN PSICOLOGIA EDUCATIVA|POSGRADO|SEGUNDA ESPECIALIDAD|31|CIENCIAS SOCIALES Y DEL COMPORTAMIENTO|RECONOCIDO POR LIC.|RECONOCIDO POR LIC.
034|UNIVERSIDAD NACIONAL DE SAN MARTIN|PUBLICO|LICENCIA OTORGADA|6|S|UNSM-SAN MARTIN|SAN MARTIN|SAN MARTIN|SL02|SAN MARTIN|SAN MARTIN|MORALES|-6.484769492|-76.37760713|AUTORIZADO POR LIC.|IDIOMAS|PREGRADO|CARRERA PROFESIONAL|23|IDIOMAS|RECONOCIDO POR LIC.|RECONOCIDO POR LIC.
061|UNIVERSIDAD PRIVADA NORBERT WIENER S.A.|PRIVADO|LICENCIA OTORGADA|6|S|UPNW-LIMA|LIMA|LIMA|SL01|LIMA|LIMA|LIMA|-12.0697607|-77.0374712|AUTORIZADO POR LIC.|SEGUNDA ESPECIALIDAD DE ENFERMERIA EN SALUD OCUPACIONAL|POSGRADO|SEGUNDA ESPECIALIDAD|02|SERVICIOS DE HIGIENE Y SALUD OCUPACIONAL|RECONOCIDO POR LIC.|RECONOCIDO POR LIC.
023|UNIVERSIDAD NACIONAL HERMILIO VALDIZAN DE HUANUCO|PUBLICO|LICENCIA OTORGADA|6|S|UNHV-HUANUCO|HUANUCO|HUANUCO|SL01|HUANUCO|HUANUCO|PILLCO MARCA|-9.9496157|-76.2501276|AUTORIZADO POR LIC.|PROGRAMA DE LICENCIATURA - PROLI|PREGRADO|CARRERA PROFESIONAL|00|NINGUNO|RECONOCIDO POR LIC.|RECONOCIDO POR LIC.
022|UNIVERSIDAD NACIONAL AGRARIA DE LA SELVA|PUBLICO|LICENCIA OTORGADA|6|S|UNAS-HUANUCO|HUANUCO|LEONCIO PRADO|SL01|HUANUCO|LEONCIO PRADO|RUPA-RUPA|-9.313946688|-75.99658307|AUTORIZADO POR LIC.|ADMINISTRACION|PREGRADO|CARRERA PROFESIONAL|41|ADMINISTRACION Y COMERCIO|RECONOCIDO POR LIC.|RECONOCIDO POR LIC.
071|UNIVERSIDAD CATOLICA SEDES SAPIENTIAE|PRIVADO|LICENCIA OTORGADA|6|F03|UCSS-PIURA|PIURA|MORROPON|F03L01|PIURA|MORROPON|CHULUCANAS|-5.0975431|-80.1613827|AUTORIZADO POR LIC.|ADMINISTRACION Y NEGOCIOS INTERNACIONALES|PREGRADO|CARRERA PROFESIONAL|41|ADMINISTRACION Y COMERCIO|RECONOCIDO POR LIC.|RECONOCIDO POR LIC.
005|UNIVERSIDAD NACIONAL DE SAN AGUSTIN DE AREQUIPA|PUBLICO|LICENCIA OTORGADA|10|S|UNSA-AREQUIPA|AREQUIPA|AREQUIPA|SL01|AREQUIPA|AREQUIPA|AREQUIPA|-16.4027681|-71.5255001|AUTORIZADO POR LIC.|GERENCIA PUBLICA Y GOBERNABILIDAD|POSGRADO|SEGUNDA ESPECIALIDAD|41|ADMINISTRACION Y COMERCIO|RECONOCIDO POR LIC.|RECONOCIDO POR LIC.
014|UNIVERSIDAD PERUANA CAYETANO HEREDIA|PRIVADO|LICENCIA OTORGADA|10|S|UPCH-LIMA|LIMA|LIMA|SL02|LIMA|LIMA|LA MOLINA|-12.0695303|-76.9685595|AUTORIZADO POR LIC.|MAESTRIA EN PSICOLOGIA EDUCACIONAL CON MENCION EN PSICOLOGIA ESCOLAR Y PROBLEMAS DE APRENDIZAJE, PSICOPEDAGOGIA COGNITIVA Y DESARROLLO PSICOLOGICO|POSGRADO|MAESTRIA|00|NINGUNO|RECONOCIDO POR LIC.|RECONOCIDO POR LIC.
019|UNIVERSIDAD DE SAN MARTIN DE PORRES|PRIVADO|LICENCIA OTORGADA|6|S|USMP-LIMA|LIMA|LIMA|SL01|LIMA|LIMA|SANTA ANITA|-12.045948|-76.9681914|AUTORIZADO POR LIC.|CIRUGIA DE RETINA Y VITREO|POSGRADO|SEGUNDA ESPECIALIDAD|91|SALUD|RECONOCIDO POR LIC.|RECONOCIDO POR LIC.
054|UNIVERSIDAD PERUANA DE CIENCIAS APLICADAS S.A.C.|PRIVADO|LICENCIA OTORGADA|6|S|UPC-LIMA|LIMA|LIMA|SL10|LIMA|LIMA|CHORRILLOS|-12.1964766|-77.0055369|AUTORIZADO POR LIC.|MAESTRIA EN GESTION Y DOCENCIA EN ALIMENTACION Y NUTRICION|POSGRADO|MAESTRIA|91|SALUD|RECONOCIDO POR LIC.|RECONOCIDO POR LIC.
023|UNIVERSIDAD NACIONAL HERMILIO VALDIZAN DE HUANUCO|PUBLICO|LICENCIA OTORGADA|6|S|UNHV-HUANUCO|HUANUCO|HUANUCO|SL01|HUANUCO|HUANUCO|PILLCO MARCA|-9.9496157|-76.2501276|AUTORIZADO POR LIC.|MAESTRIA EN MEDIO AMBIENTE Y DESARROLLO SOSTENIBLE, MENCION EN GESTION AMBIENTAL|POSGRADO|MAESTRIA|00|NINGUNO|RECONOCIDO POR LIC.|RECONOCIDO POR LIC.
055|UNIVERSIDAD PRIVADA DEL NORTE S.A.C.|PRIVADO|LICENCIA OTORGADA|6|S|UPN-LA LIBERTAD|LA LIBERTAD|TRUJILLO|SL01|LA LIBERTAD|TRUJILLO|TRUJILLO|-8.0998876|-79.0190587|AUTORIZADO POR LIC.|ARQUITECTURA Y DISE�O DE INTERIORES|PREGRADO|CARRERA PROFESIONAL|73|ARQUITECTURA Y CONSTRUCCION|RECONOCIDO POR LIC.|RECONOCIDO POR LIC.
004|UNIVERSIDAD NACIONAL DE TRUJILLO|PUBLICO|LICENCIA OTORGADA|8|S|UNT-LA LIBERTAD|LA LIBERTAD|TRUJILLO|SL01|LA LIBERTAD|TRUJILLO|TRUJILLO|-8.1142716|-79.0383735|AUTORIZADO POR LIC.|MAESTRIA EN INGENIERIA DE MINAS CON MENCION EN GESTION DE SEGURIDAD MINERA|POSGRADO|MAESTRIA|72|INDUSTRIA Y PRODUCCION|RECONOCIDO POR LIC.|RECONOCIDO POR LIC.
012|UNIVERSIDAD NACIONAL DEL ALTIPLANO|PUBLICO|LICENCIA OTORGADA|6|S|UNA-PUNO|PUNO|PUNO|SL01|PUNO|PUNO|PUNO|-15.8243805|-70.0162544|AUTORIZADO POR LIC.|MAESTRIA EN INGENIERIA CIVIL MENCION TRANSPORTES E INFRAESTRUCTURA VIAL|POSGRADO|MAESTRIA|73|ARQUITECTURA Y CONSTRUCCION|RECONOCIDO POR LIC.|RECONOCIDO POR LIC.
014|UNIVERSIDAD PERUANA CAYETANO HEREDIA|PRIVADO|LICENCIA OTORGADA|10|S|UPCH-LIMA|LIMA|LIMA|SL03|LIMA|LIMA|SAN ISIDRO|-12.091066|-77.052041|AUTORIZADO POR LIC.|MAESTRIA EN PERIODONCIA|POSGRADO|MAESTRIA|91|SALUD|RECONOCIDO POR LIC.|RECONOCIDO POR LIC.
025|UNIVERSIDAD NACIONAL DE EDUCACION ENRIQUE GUZMAN Y VALLE|PUBLICO|LICENCIA OTORGADA|6|S|UNEEGV-LIMA|LIMA|LIMA|SL01|LIMA|LIMA|LURIGANCHO|-11.9475748|-76.7011822|AUTORIZADO POR LIC.|EDUCACION CON ESPECIALIDAD DE EBANISTERIA Y DECORACION|PREGRADO|CARRERA PROFESIONAL|00|NINGUNO|RECONOCIDO POR LIC.|RECONOCIDO POR LIC.
011|UNIVERSIDAD NACIONAL DE LA AMAZONIA PERUANA|PUBLICO|LICENCIA OTORGADA|8|S|UNAP-LORETO|LORETO|MAYNAS|SL11|LORETO|MAYNAS|SAN JUAN BAUTISTA|-3.7739833|-73.2660385|AUTORIZADO POR LIC.|INGENIERIA EN INDUSTRIAS ALIMENTARIAS|PREGRADO|CARRERA PROFESIONAL|72|INDUSTRIA Y PRODUCCION|RECONOCIDO POR LIC.|RECONOCIDO POR LIC.
061|UNIVERSIDAD PRIVADA NORBERT WIENER S.A.|PRIVADO|LICENCIA OTORGADA|6|S|UPNW-LIMA|LIMA|LIMA|SL02|LIMA|LIMA|LIMA|-12.0687433|-77.0369808|AUTORIZADO POR LIC.|MEDICINA HUMANA|PREGRADO|CARRERA PROFESIONAL|91|SALUD|RECONOCIDO POR LIC.|RECONOCIDO POR LIC.
010|UNIVERSIDAD NACIONAL DEL CENTRO DEL PERU|PUBLICO|LICENCIA OTORGADA|6|S|UNCP-JUNIN|JUNIN|HUANCAYO|SL01|JUNIN|HUANCAYO|EL TAMBO|-12.0330464|-75.237332|AUTORIZADO POR LIC.|MAESTRIA EN GESTION PUBLICA|POSGRADO|MAESTRIA|41|ADMINISTRACION Y COMERCIO|RECONOCIDO POR LIC.|RECONOCIDO POR LIC.
022|UNIVERSIDAD NACIONAL AGRARIA DE LA SELVA|PUBLICO|LICENCIA OTORGADA|6|S|UNAS-HUANUCO|HUANUCO|LEONCIO PRADO|SL01|HUANUCO|LEONCIO PRADO|RUPA-RUPA|-9.313946688|-75.99658307|AUTORIZADO POR LIC.|MAESTRIA EN CIENCIAS ECONOMICAS MENCION: POLITICA Y ADMINISTRACION TRIBUTARIA|POSGRADO|MAESTRIA|00|NINGUNO|RECONOCIDO POR LIC.|RECONOCIDO POR LIC.
011|UNIVERSIDAD NACIONAL DE LA AMAZONIA PERUANA|PUBLICO|LICENCIA OTORGADA|8|F06|UNAP-LORETO|LORETO|LORETO|F06L01|LORETO|LORETO|NAUTA|-4.5050176|-73.5770072|AUTORIZADO POR LIC.|EDUCACION FISICA, CON MENCION EN FORMACION DEPORTIVA|PREGRADO|CARRERA PROFESIONAL|00|NINGUNO|RECONOCIDO POR LIC.|RECONOCIDO POR LIC.
014|UNIVERSIDAD PERUANA CAYETANO HEREDIA|PRIVADO|LICENCIA OTORGADA|10|S|UPCH-LIMA|LIMA|LIMA|SL01|LIMA|LIMA|SAN MARTIN DE PORRES|-12.0239471|-77.0564991|AUTORIZADO POR LIC.|PROGRAMA DE SEGUNDA ESPECIALIDAD PROFESIONAL EN ESTADISTICA EN INVESTIGACION|POSGRADO|SEGUNDA ESPECIALIDAD|54|MATEMATICAS Y ESTADISTICA|RECONOCIDO POR LIC.|RECONOCIDO POR LIC.
014|UNIVERSIDAD PERUANA CAYETANO HEREDIA|PRIVADO|LICENCIA OTORGADA|10|S|UPCH-LIMA|LIMA|LIMA|SL01|LIMA|LIMA|SAN MARTIN DE PORRES|-12.0239471|-77.0564991|AUTORIZADO POR LIC.|PROGRAMA DE SEGUNDA ESPECIALIDAD PROFESIONAL EN ENFERMERIA EN SALUD MENTAL Y PSIQUIATRIA|POSGRADO|SEGUNDA ESPECIALIDAD|91|SALUD|RECONOCIDO POR LIC.|RECONOCIDO POR LIC.
004|UNIVERSIDAD NACIONAL DE TRUJILLO|PUBLICO|LICENCIA OTORGADA|8|S|UNT-LA LIBERTAD|LA LIBERTAD|TRUJILLO|SL01|LA LIBERTAD|TRUJILLO|TRUJILLO|-8.1142716|-79.0383735|AUTORIZADO POR LIC.|INGENIERIA CIVIL|PREGRADO|CARRERA PROFESIONAL|73|ARQUITECTURA Y CONSTRUCCION|RECONOCIDO POR LIC.|RECONOCIDO POR LIC.
043|UNIVERSIDAD PRIVADA DE TACNA|PRIVADO|LICENCIA OTORGADA|6|S|UPT-TACNA|TACNA|TACNA|SL01|TACNA|TACNA|POCOLLAY|-18.0058389|-70.2254838|AUTORIZADO POR LIC.|SEGUNDA ESPECIALIDAD EN INGENIERIA AMBIENTAL|POSGRADO|SEGUNDA ESPECIALIDAD|52|MEDIO AMBIENTE|RECONOCIDO POR LIC.|RECONOCIDO POR LIC.
003|UNIVERSIDAD NACIONAL DE SAN ANTONIO ABAD DEL CUSCO|PUBLICO|LICENCIA OTORGADA|8|S|UNSAAC-CUSCO|CUSCO|CUSCO|SL01|CUSCO|CUSCO|CUSCO|-13.52193|-71.9583208|AUTORIZADO POR LIC.|SEGUNDA ESPECIALIDAD EN MEDICINA HUMANA - RESIDENTADO MEDICO DE LA ESPECIALIDAD: MEDICINA INTENSIVA|POSGRADO|SEGUNDA ESPECIALIDAD|91|SALUD|RECONOCIDO POR LIC.|RECONOCIDO POR LIC.
104|UNIVERSIDAD LE CORDON BLEU S.A.C.|PRIVADO|LICENCIA OTORGADA|6|S|ULCB-LIMA|LIMA|LIMA|SL01|LIMA|LIMA|MAGDALENA DEL MAR|-12.0985893|-77.05636|AUTORIZADO POR LIC.|MARKETING Y GESTION COMERCIAL|PREGRADO|CARRERA PROFESIONAL|41|ADMINISTRACION Y COMERCIO|RECONOCIDO POR LIC.|RECONOCIDO POR LIC.
002|UNIVERSIDAD NACIONAL DE SAN CRISTOBAL DE HUAMANGA|PUBLICO|LICENCIA OTORGADA|6|S|UNSCH-AYACUCHO|AYACUCHO|HUAMANGA|SL01|AYACUCHO|HUAMANGA|AYACUCHO|-13.1612654|-74.2257339|AUTORIZADO POR LIC.|INGENIERIA DE SISTEMAS|PREGRADO|CARRERA PROFESIONAL|61|INFORMATICA|RECONOCIDO POR LIC.|RECONOCIDO POR LIC.
032|UNIVERSIDAD NACIONAL JORGE BASADRE GROHMANN|PUBLICO|LICENCIA OTORGADA|6|S|UNJBG-TACNA|TACNA|TACNA|SL01|TACNA|TACNA|TACNA|-18.0251828|-70.2505031|AUTORIZADO POR LIC.|MEDICINA HUMANA|PREGRADO|CARRERA PROFESIONAL|91|SALUD|RECONOCIDO POR LIC.|RECONOCIDO POR LIC.
014|UNIVERSIDAD PERUANA CAYETANO HEREDIA|PRIVADO|LICENCIA OTORGADA|10|S|UPCH-LIMA|LIMA|LIMA|SL03|LIMA|LIMA|SAN ISIDRO|-12.091066|-77.052041|AUTORIZADO POR LIC.|BIOESTADISTICA|POSGRADO|MAESTRIA|54|MATEMATICAS Y ESTADISTICA|RECONOCIDO POR LIC.|RECONOCIDO POR LIC.
065|UNIVERSIDAD TECNOLOGICA DEL PERU S.A.C.|PRIVADO|LICENCIA OTORGADA|6|S|UTP-LIMA|LIMA|LIMA|SL03|LIMA|LIMA|LIMA|-12.0672473|-77.03584406|AUTORIZADO POR LIC.|MAESTRIA EN PROJECT MANAGEMENT|POSGRADO|MAESTRIA|41|ADMINISTRACION Y COMERCIO|RECONOCIDO POR LIC.|RECONOCIDO POR LIC.
052A|UNIVERSIDAD CESAR VALLEJO S.A.C.|PRIVADO|LICENCIA OTORGADA|6|F05|UPCV-LIMA|LIMA|LIMA|F05L01|LIMA|LIMA|LOS OLIVOS|-11.9552328|-77.0685585|AUTORIZADO POR LIC.|DOCTORADO EN ADMINISTRACION|POSGRADO|DOCTORADO|41|ADMINISTRACION Y COMERCIO|RECONOCIDO POR LIC.|RECONOCIDO POR LIC.
052A|UNIVERSIDAD CESAR VALLEJO S.A.C.|PRIVADO|LICENCIA OTORGADA|6|F03|UPCV-SAN MARTIN|SAN MARTIN|SAN MARTIN|F03L02|SAN MARTIN|SAN MARTIN|TARAPOTO|-6.4888233|-76.3616983|AUTORIZADO POR LIC.|CONTABILIDAD|PREGRADO|CARRERA PROFESIONAL|41|ADMINISTRACION Y COMERCIO|RECONOCIDO POR LIC.|RECONOCIDO POR LIC.
068|UNIVERSIDAD CIENTIFICA DEL SUR S.A.C.|PRIVADO|LICENCIA OTORGADA|6|S|UCS-LIMA|LIMA|LIMA|SL03|LIMA|LIMA|MIRAFLORES|-12.1211435|-77.0256582|AUTORIZADO POR LIC.|SEGUNDA ESPECIALIDAD EN PEDIATRIA|POSGRADO|SEGUNDA ESPECIALIDAD|91|SALUD|RECONOCIDO POR LIC.|RECONOCIDO POR LIC.
003|UNIVERSIDAD NACIONAL DE SAN ANTONIO ABAD DEL CUSCO|PUBLICO|LICENCIA OTORGADA|8|S|UNSAAC-CUSCO|CUSCO|CUSCO|SL01|CUSCO|CUSCO|CUSCO|-13.52193|-71.9583208|AUTORIZADO POR LIC.|MAESTRIA EN INGENIERIA CIVIL MENCION RECURSOS HIDRICOS Y MEDIO AMBIENTE|POSGRADO|MAESTRIA|00|NINGUNO|RECONOCIDO POR LIC.|RECONOCIDO POR LIC.
014|UNIVERSIDAD PERUANA CAYETANO HEREDIA|PRIVADO|LICENCIA OTORGADA|10|S|UPCH-LIMA|LIMA|LIMA|SL02|LIMA|LIMA|LA MOLINA|-12.0695303|-76.9685595|AUTORIZADO POR LIC.|PROGRAMA DE SEGUNDA ESPECIALIDAD PROFESIONAL EN ODONTOPEDIATRIA|POSGRADO|SEGUNDA ESPECIALIDAD|91|SALUD|RECONOCIDO POR LIC.|RECONOCIDO POR LIC.
071|UNIVERSIDAD CATOLICA SEDES SAPIENTIAE|PRIVADO|LICENCIA OTORGADA|6|F05|UCSS-JUNIN|JUNIN|TARMA|F05L01|JUNIN|TARMA|TARMA|-11.4175125|-75.6809387|AUTORIZADO POR LIC.|INGENIERIA AMBIENTAL|PREGRADO|CARRERA PROFESIONAL|52|MEDIO AMBIENTE|RECONOCIDO POR LIC.|RECONOCIDO POR LIC.
005|UNIVERSIDAD NACIONAL DE SAN AGUSTIN DE AREQUIPA|PUBLICO|LICENCIA OTORGADA|10|S|UNSA-AREQUIPA|AREQUIPA|AREQUIPA|SL03|AREQUIPA|AREQUIPA|AREQUIPA|-16.4091607|-71.5366759|AUTORIZADO POR LIC.|MAESTRIA EN CIENCIAS: SALUD PUBLICA CON MENCION EN: AUDITORIA MEDICA|POSGRADO|MAESTRIA|91|SALUD|RECONOCIDO POR LIC.|RECONOCIDO POR LIC.
052A|UNIVERSIDAD CESAR VALLEJO S.A.C.|PRIVADO|LICENCIA OTORGADA|6|S|UPCV-LA LIBERTAD|LA LIBERTAD|TRUJILLO|SL05|LA LIBERTAD|TRUJILLO|MOCHE|-8.1637036|-79.002342|AUTORIZADO POR LIC.|INGENIERIA CIVIL|PREGRADO|CARRERA PROFESIONAL|73|ARQUITECTURA Y CONSTRUCCION|RECONOCIDO POR LIC.|RECONOCIDO POR LIC.
039|UNIVERSIDAD ANDINA DEL CUSCO|PRIVADO|LICENCIA OTORGADA|6|S|UAC-CUSCO|CUSCO|CUSCO|SL03|CUSCO|CUSCO|SAN JERONIMO|-13.5211728|-71.9666458|AUTORIZADO POR LIC.|SEGUNDA ESPECIALIDAD EN ORTODONCIA Y ORTOPEDIA FUNCIONAL DE LOS MAXILARES|POSGRADO|SEGUNDA ESPECIALIDAD|91|SALUD|RECONOCIDO POR LIC.|RECONOCIDO POR LIC.
013|UNIVERSIDAD NACIONAL DE PIURA|PUBLICO|LICENCIA OTORGADA|6|S|UNP-PIURA|PIURA|PIURA|SL01|PIURA|PIURA|CASTILLA|-5.179311|-80.6188325|AUTORIZADO POR LIC.|SEGUNDA ESPECIALIDAD EN ANESTESIOLOGIA|POSGRADO|SEGUNDA ESPECIALIDAD|91|SALUD|RECONOCIDO POR LIC.|RECONOCIDO POR LIC.
065|UNIVERSIDAD TECNOLOGICA DEL PERU S.A.C.|PRIVADO|LICENCIA OTORGADA|6|S|UTP-LIMA|LIMA|LIMA|SL05|LIMA|LIMA|LIMA|-12.0624396|-77.0405951|AUTORIZADO POR LIC.|INGENIERIA BIOMEDICA|PREGRADO|CARRERA PROFESIONAL|91|SALUD|RECONOCIDO POR LIC.|RECONOCIDO POR LIC.
032|UNIVERSIDAD NACIONAL JORGE BASADRE GROHMANN|PUBLICO|LICENCIA OTORGADA|6|S|UNJBG-TACNA|TACNA|TACNA|SL01|TACNA|TACNA|TACNA|-18.0251828|-70.2505031|AUTORIZADO POR LIC.|EDUCACION: CIENCIAS SOCIALES Y PROMOCION SOCIO - CULTURAL|PREGRADO|CARRERA PROFESIONAL|00|NINGUNO|RECONOCIDO POR LIC.|RECONOCIDO POR LIC.
052A|UNIVERSIDAD CESAR VALLEJO S.A.C.|PRIVADO|LICENCIA OTORGADA|6|F04|UPCV-ANCASH|ANCASH|SANTA|F04L01|ANCASH|SANTA|NUEVO CHIMBOTE|-9.1273857|-78.5112518|AUTORIZADO POR LIC.|MAESTRIA EN GESTION DEL TALENTO HUMANO|POSGRADO|MAESTRIA|41|ADMINISTRACION Y COMERCIO|RECONOCIDO POR LIC.|RECONOCIDO POR LIC.
046|UNIVERSIDAD PRIVADA ANTENOR ORREGO|PRIVADO|LICENCIA OTORGADA|6|S|UPAO-LA LIBERTAD|LA LIBERTAD|TRUJILLO|SL01|LA LIBERTAD|TRUJILLO|TRUJILLO|-8.1270487|-79.0314756|AUTORIZADO POR LIC.|NEUROCIRUGIA|POSGRADO|SEGUNDA ESPECIALIDAD|91|SALUD|RECONOCIDO POR LIC.|RECONOCIDO POR LIC.
032|UNIVERSIDAD NACIONAL JORGE BASADRE GROHMANN|PUBLICO|LICENCIA OTORGADA|6|S|UNJBG-TACNA|TACNA|TACNA|SL01|TACNA|TACNA|TACNA|-18.0251828|-70.2505031|AUTORIZADO POR LIC.|EDUCACION INTERCULTURAL BILING�E|POSGRADO|SEGUNDA ESPECIALIDAD|19|OTROS PROGRAMAS EN EDUCACION|RECONOCIDO POR LIC.|RECONOCIDO POR LIC.
001|UNIVERSIDAD NACIONAL MAYOR DE SAN MARCOS|PUBLICO|LICENCIA OTORGADA|10|S|UNMSM-LIMA|LIMA|LIMA|SL01|LIMA|LIMA|LIMA|-12.0560257|-77.0844226|AUTORIZADO POR LIC.|LITERATURA|POSGRADO|MAESTRIA|23|IDIOMAS|RECONOCIDO POR LIC.|RECONOCIDO POR LIC.
005|UNIVERSIDAD NACIONAL DE SAN AGUSTIN DE AREQUIPA|PUBLICO|LICENCIA OTORGADA|10|S|UNSA-AREQUIPA|AREQUIPA|AREQUIPA|SL01|AREQUIPA|AREQUIPA|AREQUIPA|-16.4027681|-71.5255001|AUTORIZADO POR LIC.|MAESTRIA EN CIENCIAS: CON MENCION EN SEGURIDAD Y MEDIO AMBIENTE|POSGRADO|MAESTRIA|00|NINGUNO|RECONOCIDO POR LIC.|RECONOCIDO POR LIC.
001|UNIVERSIDAD NACIONAL MAYOR DE SAN MARCOS|PUBLICO|LICENCIA OTORGADA|10|S|UNMSM-LIMA|LIMA|LIMA|SL03|LIMA|LIMA|LA VICTORIA|-12.057763|-77.0178766|AUTORIZADO POR LIC.|TECNOLOGIA MEDICA|PREGRADO|CARRERA PROFESIONAL|91|SALUD|RECONOCIDO POR LIC.|RECONOCIDO POR LIC.
002|UNIVERSIDAD NACIONAL DE SAN CRISTOBAL DE HUAMANGA|PUBLICO|LICENCIA OTORGADA|6|S|UNSCH-AYACUCHO|AYACUCHO|HUAMANGA|SL01|AYACUCHO|HUAMANGA|AYACUCHO|-13.1612654|-74.2257339|AUTORIZADO POR LIC.|INGENIERIA AGROINDUSTRIAL|PREGRADO|CARRERA PROFESIONAL|81|AGRICULTURA|RECONOCIDO POR LIC.|RECONOCIDO POR LIC.
005|UNIVERSIDAD NACIONAL DE SAN AGUSTIN DE AREQUIPA|PUBLICO|LICENCIA OTORGADA|10|S|UNSA-AREQUIPA|AREQUIPA|AREQUIPA|SL01|AREQUIPA|AREQUIPA|AREQUIPA|-16.4027681|-71.5255001|AUTORIZADO POR LIC.|ARQUITECTURA|PREGRADO|CARRERA PROFESIONAL|73|ARQUITECTURA Y CONSTRUCCION|RECONOCIDO POR LIC.|RECONOCIDO POR LIC.
019|UNIVERSIDAD DE SAN MARTIN DE PORRES|PRIVADO|LICENCIA OTORGADA|6|S|USMP-LIMA|LIMA|LIMA|SL06|LIMA|LIMA|SURQUILLO|-12.1052364|-77.0177466|AUTORIZADO POR LIC.|PERIODISMO Y COMUNICACION MULTIMEDIA|POSGRADO|MAESTRIA|32|PERIODISMO E INFORMACION|RECONOCIDO POR LIC.|RECONOCIDO POR LIC.
071|UNIVERSIDAD CATOLICA SEDES SAPIENTIAE|PRIVADO|LICENCIA OTORGADA|6|F04|UCSS-SAN MARTIN|SAN MARTIN|RIOJA|F04L01|SAN MARTIN|RIOJA|NUEVA CAJAMARCA|-6.0570484|-77.1657716|AUTORIZADO POR LIC.|DERECHO|PREGRADO|CARRERA PROFESIONAL|42|DERECHO|RECONOCIDO POR LIC.|RECONOCIDO POR LIC.
010|UNIVERSIDAD NACIONAL DEL CENTRO DEL PERU|PUBLICO|LICENCIA OTORGADA|6|S|UNCP-JUNIN|JUNIN|HUANCAYO|SL01|JUNIN|HUANCAYO|EL TAMBO|-12.0330464|-75.237332|AUTORIZADO POR LIC.|MAESTRIA EN INGENIERIA MECANICA CON LA MENCION DE: DISE�O DE TECNOLOGIAS APROPIADAS|POSGRADO|MAESTRIA|00|NINGUNO|RECONOCIDO POR LIC.|RECONOCIDO POR LIC.
051|UNIVERSIDAD NACIONAL DE HUANCAVELICA|PUBLICO|LICENCIA OTORGADA|6|S|UNH-HUANCAVELICA|HUANCAVELICA|HUANCAVELICA|SL01|HUANCAVELICA|HUANCAVELICA|HUANCAVELICA|-12.7781367|-74.9614392|AUTORIZADO POR LIC.|DOCTORADO EN CIENCIAS AMBIENTALES|POSGRADO|DOCTORADO|52|MEDIO AMBIENTE|RECONOCIDO POR LIC.|RECONOCIDO POR LIC.
014|UNIVERSIDAD PERUANA CAYETANO HEREDIA|PRIVADO|LICENCIA OTORGADA|10|S|UPCH-LIMA|LIMA|LIMA|SL01|LIMA|LIMA|SAN MARTIN DE PORRES|-12.0239471|-77.0564991|AUTORIZADO POR LIC.|PROGRAMA DE SEGUNDA ESPECIALIDAD PROFESIONAL EN CIRUGIA ONCOLOGICA ABDOMINAL|POSGRADO|SEGUNDA ESPECIALIDAD|91|SALUD|RECONOCIDO POR LIC.|RECONOCIDO POR LIC.
014|UNIVERSIDAD PERUANA CAYETANO HEREDIA|PRIVADO|LICENCIA OTORGADA|10|S|UPCH-LIMA|LIMA|LIMA|SL03|LIMA|LIMA|SAN ISIDRO|-12.091066|-77.052041|AUTORIZADO POR LIC.|PROGRAMA DE SEGUNDA ESPECIALIDAD PROFESIONAL EN ANESTESIOLOGIA|POSGRADO|SEGUNDA ESPECIALIDAD|91|SALUD|RECONOCIDO POR LIC.|RECONOCIDO POR LIC.
054|UNIVERSIDAD PERUANA DE CIENCIAS APLICADAS S.A.C.|PRIVADO|LICENCIA OTORGADA|6|S|UPC-LIMA|LIMA|LIMA|SL04|LIMA|LIMA|SAN BORJA|-12.1088899|-76.9791362|AUTORIZADO POR LIC.|COMUNICACION AUDIOVISUAL Y MEDIOS INTERACTIVOS|PREGRADO|CARRERA PROFESIONAL|21|ARTE|RECONOCIDO POR LIC.|RECONOCIDO POR LIC.
034|UNIVERSIDAD NACIONAL DE SAN MARTIN|PUBLICO|LICENCIA OTORGADA|6|S|UNSM-SAN MARTIN|SAN MARTIN|SAN MARTIN|SL02|SAN MARTIN|SAN MARTIN|MORALES|-6.484769492|-76.37760713|AUTORIZADO POR LIC.|INGENIERIA AGROINDUSTRIAL|PREGRADO|CARRERA PROFESIONAL|81|AGRICULTURA|RECONOCIDO POR LIC.|RECONOCIDO POR LIC.
052A|UNIVERSIDAD CESAR VALLEJO S.A.C.|PRIVADO|LICENCIA OTORGADA|6|F08|UPCV-ANCASH|ANCASH|HUARAZ|F08L01|ANCASH|HUARAZ|INDEPENDENCIA|-9.4997255|-77.5361019|AUTORIZADO POR LIC.|MAESTRIA EN GESTION PUBLICA|POSGRADO|MAESTRIA|41|ADMINISTRACION Y COMERCIO|RECONOCIDO POR LIC.|RECONOCIDO POR LIC.
014|UNIVERSIDAD PERUANA CAYETANO HEREDIA|PRIVADO|LICENCIA OTORGADA|10|S|UPCH-LIMA|LIMA|LIMA|SL03|LIMA|LIMA|SAN ISIDRO|-12.091066|-77.052041|AUTORIZADO POR LIC.|PROGRAMA DE SEGUNDA ESPECIALIDAD PROFESIONAL EN MICROBIOLOGIA CLINICA|POSGRADO|SEGUNDA ESPECIALIDAD|51|CIENCIAS BIOLOGICAS Y AFINES|RECONOCIDO POR LIC.|RECONOCIDO POR LIC.
014|UNIVERSIDAD PERUANA CAYETANO HEREDIA|PRIVADO|LICENCIA OTORGADA|10|S|UPCH-LIMA|LIMA|LIMA|SL04|LIMA|LIMA|MIRAFLORES|-12.13402606|-77.02627908|AUTORIZADO POR LIC.|MAESTRIA EN NEUROCIENCIA|POSGRADO|MAESTRIA|91|SALUD|RECONOCIDO POR LIC.|RECONOCIDO POR LIC.
001|UNIVERSIDAD NACIONAL MAYOR DE SAN MARCOS|PUBLICO|LICENCIA OTORGADA|10|S|UNMSM-LIMA|LIMA|LIMA|SL05|LIMA|LIMA|SAN BORJA|-12.0811453|-76.9874827|AUTORIZADO POR LIC.|CLINICA DE ANIMALES MENORES|POSGRADO|SEGUNDA ESPECIALIDAD|84|VETERINARIA|RECONOCIDO POR LIC.|RECONOCIDO POR LIC.
055|UNIVERSIDAD PRIVADA DEL NORTE S.A.C.|PRIVADO|LICENCIA OTORGADA|6|S|UPN-LA LIBERTAD|LA LIBERTAD|TRUJILLO|SL02|LA LIBERTAD|TRUJILLO|TRUJILLO|-8.1002352|-79.0194531|AUTORIZADO POR LIC.|MAESTRIA EN INGENIERIA DE SISTEMAS|POSGRADO|MAESTRIA|61|INFORMATICA|RECONOCIDO POR LIC.|RECONOCIDO POR LIC.
004|UNIVERSIDAD NACIONAL DE TRUJILLO|PUBLICO|LICENCIA OTORGADA|8|S|UNT-LA LIBERTAD|LA LIBERTAD|TRUJILLO|SL01|LA LIBERTAD|TRUJILLO|TRUJILLO|-8.1142716|-79.0383735|AUTORIZADO POR LIC.|SEGUNDA ESPECIALIDAD EN ORTODONCIA Y ORTOPEDIA MAXILAR|POSGRADO|SEGUNDA ESPECIALIDAD|91|SALUD|RECONOCIDO POR LIC.|RECONOCIDO POR LIC.
035|UNIVERSIDAD NACIONAL DE UCAYALI|PUBLICO|LICENCIA OTORGADA|6|S|UNU-UCAYALI|UCAYALI|CORONEL PORTILLO|SL01|UCAYALI|CORONEL PORTILLO|CALLERIA|-8.3948987|-74.5776093|AUTORIZADO POR LIC.|MAESTRIA EN GESTION PUBLICA|POSGRADO|MAESTRIA|41|ADMINISTRACION Y COMERCIO|RECONOCIDO POR LIC.|RECONOCIDO POR LIC.
043|UNIVERSIDAD PRIVADA DE TACNA|PRIVADO|LICENCIA OTORGADA|6|S|UPT-TACNA|TACNA|TACNA|SL01|TACNA|TACNA|POCOLLAY|-18.0058389|-70.2254838|AUTORIZADO POR LIC.|MAESTRIA EN INGENIERIA CIVIL CON MENCION EN ESTRUCTURAS|POSGRADO|MAESTRIA|73|ARQUITECTURA Y CONSTRUCCION|RECONOCIDO POR LIC.|RECONOCIDO POR LIC.
054|UNIVERSIDAD PERUANA DE CIENCIAS APLICADAS S.A.C.|PRIVADO|LICENCIA OTORGADA|6|S|UPC-LIMA|LIMA|LIMA|SL07|LIMA|LIMA|SAN MIGUEL|-12.0810086|-77.0707359|AUTORIZADO POR LIC.|PSICOLOGIA|PREGRADO|CARRERA PROFESIONAL|31|CIENCIAS SOCIALES Y DEL COMPORTAMIENTO|RECONOCIDO POR LIC.|RECONOCIDO POR LIC.
065|UNIVERSIDAD TECNOLOGICA DEL PERU S.A.C.|PRIVADO|LICENCIA OTORGADA|6|S|UTP-LIMA|LIMA|LIMA|SL04|LIMA|LIMA|LIMA|-12.0704665|-77.0367812|AUTORIZADO POR LIC.|NUTRICION Y DIETETICA|PREGRADO|CARRERA PROFESIONAL|91|SALUD|RECONOCIDO POR LIC.|RECONOCIDO POR LIC.
065|UNIVERSIDAD TECNOLOGICA DEL PERU S.A.C.|PRIVADO|LICENCIA OTORGADA|6|F06|UTP-LA LIBERTAD|LA LIBERTAD|TRUJILLO|F06L01|LA LIBERTAD|TRUJILLO|TRUJILLO|-8.0937853|-79.0088677|AUTORIZADO POR LIC.|INGENIERIA INDUSTRIAL|PREGRADO|CARRERA PROFESIONAL|72|INDUSTRIA Y PRODUCCION|RECONOCIDO POR LIC.|RECONOCIDO POR LIC.
015|UNIVERSIDAD CATOLICA DE SANTA MARIA|PRIVADO|LICENCIA OTORGADA|6|S|UCSM-AREQUIPA|AREQUIPA|AREQUIPA|SL01|AREQUIPA|AREQUIPA|AREQUIPA|-16.4061786|-71.5476298|AUTORIZADO POR LIC.|INGENIERIA COMERCIAL|PREGRADO|CARRERA PROFESIONAL|41|ADMINISTRACION Y COMERCIO|RECONOCIDO POR LIC.|RECONOCIDO POR LIC.
001|UNIVERSIDAD NACIONAL MAYOR DE SAN MARCOS|PUBLICO|LICENCIA OTORGADA|10|S|UNMSM-LIMA|LIMA|LIMA|SL01|LIMA|LIMA|LIMA|-12.0560257|-77.0844226|AUTORIZADO POR LIC.|SOCIOLOGIA|PREGRADO|CARRERA PROFESIONAL|31|CIENCIAS SOCIALES Y DEL COMPORTAMIENTO|RECONOCIDO POR LIC.|RECONOCIDO POR LIC.
014|UNIVERSIDAD PERUANA CAYETANO HEREDIA|PRIVADO|LICENCIA OTORGADA|10|S|UPCH-LIMA|LIMA|LIMA|SL03|LIMA|LIMA|SAN ISIDRO|-12.091066|-77.052041|AUTORIZADO POR LIC.|PROGRAMA DE SEGUNDA ESPECIALIDAD PROFESIONAL EN ADMINISTRACION Y GESTION EN ESTOMATOLOGIA|POSGRADO|SEGUNDA ESPECIALIDAD|41|ADMINISTRACION Y COMERCIO|RECONOCIDO POR LIC.|RECONOCIDO POR LIC.
049|UNIVERSIDAD MARCELINO CHAMPAGNAT|PRIVADO|LICENCIA OTORGADA|6|S|UMCH-LIMA|LIMA|LIMA|SL01|LIMA|LIMA|SANTIAGO DE SURCO|-12.1363972|-77.0057685|AUTORIZADO POR LIC.|DOCTORADO EN FILOSOFIA, MENCION EDUCACION|POSGRADO|DOCTORADO|22|HUMANIDADES|RECONOCIDO POR LIC.|RECONOCIDO POR LIC.
005|UNIVERSIDAD NACIONAL DE SAN AGUSTIN DE AREQUIPA|PUBLICO|LICENCIA OTORGADA|10|S|UNSA-AREQUIPA|AREQUIPA|AREQUIPA|SL01|AREQUIPA|AREQUIPA|AREQUIPA|-16.4027681|-71.5255001|AUTORIZADO POR LIC.|OFTALMOLOGIA PEDIATRICA Y ESTRABISMO (COMO SUBESPECIALIDAD)|POSGRADO|SEGUNDA ESPECIALIDAD|00|NINGUNO|RECONOCIDO POR LIC.|RECONOCIDO POR LIC.
054|UNIVERSIDAD PERUANA DE CIENCIAS APLICADAS S.A.C.|PRIVADO|LICENCIA OTORGADA|6|S|UPC-LIMA|LIMA|LIMA|SL10|LIMA|LIMA|CHORRILLOS|-12.1964766|-77.0055369|AUTORIZADO POR LIC.|MUSICA|PREGRADO|CARRERA PROFESIONAL|21|ARTE|RECONOCIDO POR LIC.|RECONOCIDO POR LIC.
013|UNIVERSIDAD NACIONAL DE PIURA|PUBLICO|LICENCIA OTORGADA|6|S|UNP-PIURA|PIURA|PIURA|SL01|PIURA|PIURA|CASTILLA|-5.179311|-80.6188325|AUTORIZADO POR LIC.|MAESTRIA EN CIENCIAS ECONOMICAS CON MENCION EN ECONOMIA DEL DESARROLLO|POSGRADO|MAESTRIA|00|NINGUNO|RECONOCIDO POR LIC.|RECONOCIDO POR LIC.
003|UNIVERSIDAD NACIONAL DE SAN ANTONIO ABAD DEL CUSCO|PUBLICO|LICENCIA OTORGADA|8|S|UNSAAC-CUSCO|CUSCO|CUSCO|SL01|CUSCO|CUSCO|CUSCO|-13.52193|-71.9583208|AUTORIZADO POR LIC.|HISTORIA|PREGRADO|CARRERA PROFESIONAL|22|HUMANIDADES|RECONOCIDO POR LIC.|RECONOCIDO POR LIC.
001|UNIVERSIDAD NACIONAL MAYOR DE SAN MARCOS|PUBLICO|LICENCIA OTORGADA|10|S|UNMSM-LIMA|LIMA|LIMA|SL05|LIMA|LIMA|SAN BORJA|-12.0811453|-76.9874827|AUTORIZADO POR LIC.|GERENCIA DE PROGRAMAS DE SALUD Y PRODUCCION ANIMAL|POSGRADO|SEGUNDA ESPECIALIDAD|84|VETERINARIA|RECONOCIDO POR LIC.|RECONOCIDO POR LIC.
068|UNIVERSIDAD CIENTIFICA DEL SUR S.A.C.|PRIVADO|LICENCIA OTORGADA|6|S|UCS-LIMA|LIMA|LIMA|SL03|LIMA|LIMA|MIRAFLORES|-12.1211435|-77.0256582|AUTORIZADO POR LIC.|MAESTRIA EN DIRECCION Y CONSULTORIA TURISTICA|POSGRADO|MAESTRIA|01|SERVICIOS PERSONALES|RECONOCIDO POR LIC.|RECONOCIDO POR LIC.
001|UNIVERSIDAD NACIONAL MAYOR DE SAN MARCOS|PUBLICO|LICENCIA OTORGADA|10|S|UNMSM-LIMA|LIMA|LIMA|SL01|LIMA|LIMA|LIMA|-12.0560257|-77.0844226|AUTORIZADO POR LIC.|INGENIERIA QUIMICA|PREGRADO|CARRERA PROFESIONAL|53|CIENCIAS FISICAS Y QUIMICAS|RECONOCIDO POR LIC.|RECONOCIDO POR LIC.
014|UNIVERSIDAD PERUANA CAYETANO HEREDIA|PRIVADO|LICENCIA OTORGADA|10|S|UPCH-LIMA|LIMA|LIMA|SL03|LIMA|LIMA|SAN ISIDRO|-12.091066|-77.052041|AUTORIZADO POR LIC.|PROGRAMA DE SEGUNDA ESPECIALIDAD PROFESIONAL EN MEDICINA HIPERBARICA Y SUBACUATICA|POSGRADO|SEGUNDA ESPECIALIDAD|91|SALUD|RECONOCIDO POR LIC.|RECONOCIDO POR LIC.
014|UNIVERSIDAD PERUANA CAYETANO HEREDIA|PRIVADO|LICENCIA OTORGADA|10|S|UPCH-LIMA|LIMA|LIMA|SL01|LIMA|LIMA|SAN MARTIN DE PORRES|-12.0239471|-77.0564991|AUTORIZADO POR LIC.|PROGRAMA DE SEGUNDA ESPECIALIDAD PROFESIONAL EN PATOLOGIA ONCOLOGICA|POSGRADO|SEGUNDA ESPECIALIDAD|91|SALUD|RECONOCIDO POR LIC.|RECONOCIDO POR LIC.
019|UNIVERSIDAD DE SAN MARTIN DE PORRES|PRIVADO|LICENCIA OTORGADA|6|S|USMP-LIMA|LIMA|LIMA|SL06|LIMA|LIMA|SURQUILLO|-12.1052364|-77.0177466|AUTORIZADO POR LIC.|PERIODISMO (VIRTUAL: SEMIPRESENCIAL)|POSGRADO|DOCTORADO|32|PERIODISMO E INFORMACION|RECONOCIDO POR LIC.|RECONOCIDO POR LIC.
052A|UNIVERSIDAD CESAR VALLEJO S.A.C.|PRIVADO|LICENCIA OTORGADA|6|F03|UPCV-SAN MARTIN|SAN MARTIN|SAN MARTIN|F03L02|SAN MARTIN|SAN MARTIN|TARAPOTO|-6.4888233|-76.3616983|AUTORIZADO POR LIC.|ADMINISTRACION EN TURISMO Y HOTELERIA|PREGRADO|CARRERA PROFESIONAL|01|SERVICIOS PERSONALES|RECONOCIDO POR LIC.|RECONOCIDO POR LIC.
004|UNIVERSIDAD NACIONAL DE TRUJILLO|PUBLICO|LICENCIA OTORGADA|8|S|UNT-LA LIBERTAD|LA LIBERTAD|TRUJILLO|SL01|LA LIBERTAD|TRUJILLO|TRUJILLO|-8.1142716|-79.0383735|AUTORIZADO POR LIC.|INGENIERIA DE SISTEMAS|PREGRADO|CARRERA PROFESIONAL|61|INFORMATICA|RECONOCIDO POR LIC.|RECONOCIDO POR LIC.
015|UNIVERSIDAD CATOLICA DE SANTA MARIA|PRIVADO|LICENCIA OTORGADA|6|S|UCSM-AREQUIPA|AREQUIPA|AREQUIPA|SL01|AREQUIPA|AREQUIPA|AREQUIPA|-16.4061786|-71.5476298|AUTORIZADO POR LIC.|DERECHO|PREGRADO|CARRERA PROFESIONAL|42|DERECHO|RECONOCIDO POR LIC.|RECONOCIDO POR LIC.
052A|UNIVERSIDAD CESAR VALLEJO S.A.C.|PRIVADO|LICENCIA OTORGADA|6|F05|UPCV-LIMA|LIMA|LIMA|F05L02|LIMA|LIMA|SAN JUAN DE LURIGANCHO|-11.9814929|-77.0001665|AUTORIZADO POR LIC.|ARQUITECTURA|PREGRADO|CARRERA PROFESIONAL|73|ARQUITECTURA Y CONSTRUCCION|RECONOCIDO POR LIC.|RECONOCIDO POR LIC.
052A|UNIVERSIDAD CESAR VALLEJO S.A.C.|PRIVADO|LICENCIA OTORGADA|6|S|UPCV-LA LIBERTAD|LA LIBERTAD|TRUJILLO|SL01|LA LIBERTAD|TRUJILLO|VICTOR LARCO HERRERA|-8.1293904|-79.0433213|AUTORIZADO POR LIC.|MAESTRIA EN EDUCACION INFANTIL Y NEUROEDUCACION|POSGRADO|MAESTRIA|11|EDUCACION INICIAL Y PRIMARIA|RECONOCIDO POR LIC.|RECONOCIDO POR LIC.
011|UNIVERSIDAD NACIONAL DE LA AMAZONIA PERUANA|PUBLICO|LICENCIA OTORGADA|8|S|UNAP-LORETO|LORETO|MAYNAS|SL10|LORETO|MAYNAS|PUNCHANA|-3.721747914|-73.25867081|AUTORIZADO POR LIC.|SEGUNDA ESPECIALIDAD PROFESIONAL EN MEDICINA HUMANA VIA RESIDENTADO MEDICO CON MENCION EN ORTOPEDIA Y TRAUMATOLOGIA|POSGRADO|SEGUNDA ESPECIALIDAD|00|NINGUNO|RECONOCIDO POR LIC.|RECONOCIDO POR LIC.
014|UNIVERSIDAD PERUANA CAYETANO HEREDIA|PRIVADO|LICENCIA OTORGADA|10|S|UPCH-LIMA|LIMA|LIMA|SL03|LIMA|LIMA|SAN ISIDRO|-12.091066|-77.052041|AUTORIZADO POR LIC.|PROGRAMA DE SEGUNDA ESPECIALIDAD PROFESIONAL EN RADIOLOGIA|POSGRADO|SEGUNDA ESPECIALIDAD|91|SALUD|RECONOCIDO POR LIC.|RECONOCIDO POR LIC.
055|UNIVERSIDAD PRIVADA DEL NORTE S.A.C.|PRIVADO|LICENCIA OTORGADA|6|S|UPN-LA LIBERTAD|LA LIBERTAD|TRUJILLO|SL02|LA LIBERTAD|TRUJILLO|TRUJILLO|-8.1002352|-79.0194531|AUTORIZADO POR LIC.|MAESTRIA EN DIRECCION Y GESTION DEL TALENTO HUMANO|POSGRADO|MAESTRIA|41|ADMINISTRACION Y COMERCIO|RECONOCIDO POR LIC.|RECONOCIDO POR LIC.
065|UNIVERSIDAD TECNOLOGICA DEL PERU S.A.C.|PRIVADO|LICENCIA OTORGADA|6|S|UTP-LIMA|LIMA|LIMA|SL04|LIMA|LIMA|LIMA|-12.0704665|-77.0367812|AUTORIZADO POR LIC.|INGENIERIA MECATRONICA|PREGRADO|CARRERA PROFESIONAL|71|INGENIERIA Y PROFESIONES AFINES|RECONOCIDO POR LIC.|RECONOCIDO POR LIC.
035|UNIVERSIDAD NACIONAL DE UCAYALI|PUBLICO|LICENCIA OTORGADA|6|S|UNU-UCAYALI|UCAYALI|CORONEL PORTILLO|SL01|UCAYALI|CORONEL PORTILLO|CALLERIA|-8.3948987|-74.5776093|AUTORIZADO POR LIC.|PROGRAMA DE SEGUNDA ESPECIALIDAD EN ENFERMERIA, CON MENCION EN: CUIDADOS NEFROLOGICOS|POSGRADO|SEGUNDA ESPECIALIDAD|00|NINGUNO|RECONOCIDO POR LIC.|RECONOCIDO POR LIC.
015|UNIVERSIDAD CATOLICA DE SANTA MARIA|PRIVADO|LICENCIA OTORGADA|6|S|UCSM-AREQUIPA|AREQUIPA|AREQUIPA|SL02|AREQUIPA|AREQUIPA|AREQUIPA|-16.4048982|-71.5498378|AUTORIZADO POR LIC.|DOCTORADO EN INGENIERIA INDUSTRIAL|POSGRADO|DOCTORADO|72|INDUSTRIA Y PRODUCCION|RECONOCIDO POR LIC.|RECONOCIDO POR LIC.
012|UNIVERSIDAD NACIONAL DEL ALTIPLANO|PUBLICO|LICENCIA OTORGADA|6|S|UNA-PUNO|PUNO|PUNO|SL01|PUNO|PUNO|PUNO|-15.8243805|-70.0162544|AUTORIZADO POR LIC.|ANTROPOLOGIA|PREGRADO|CARRERA PROFESIONAL|22|HUMANIDADES|RECONOCIDO POR LIC.|RECONOCIDO POR LIC.
055|UNIVERSIDAD PRIVADA DEL NORTE S.A.C.|PRIVADO|LICENCIA OTORGADA|6|S|UPN-LA LIBERTAD|LA LIBERTAD|TRUJILLO|SL02|LA LIBERTAD|TRUJILLO|TRUJILLO|-8.1002352|-79.0194531|AUTORIZADO POR LIC.|ADMINISTRACION Y NEGOCIOS INTERNACIONALES|PREGRADO|CARRERA PROFESIONAL|41|ADMINISTRACION Y COMERCIO|RECONOCIDO POR LIC.|RECONOCIDO POR LIC.
068|UNIVERSIDAD CIENTIFICA DEL SUR S.A.C.|PRIVADO|LICENCIA OTORGADA|6|S|UCS-LIMA|LIMA|LIMA|SL02|LIMA|LIMA|VILLA EL SALVADOR|-12.2215281|-76.9766998|AUTORIZADO POR LIC.|MARKETING Y ADMINISTRACION|PREGRADO|CARRERA PROFESIONAL|41|ADMINISTRACION Y COMERCIO|RECONOCIDO POR LIC.|RECONOCIDO POR LIC.
001|UNIVERSIDAD NACIONAL MAYOR DE SAN MARCOS|PUBLICO|LICENCIA OTORGADA|10|S|UNMSM-LIMA|LIMA|LIMA|SL02|LIMA|LIMA|LA VICTORIA|-12.0579394|-77.0229596|AUTORIZADO POR LIC.|ENFERMERIA EN SALUD MENTAL Y PSIQUIATRIA|POSGRADO|SEGUNDA ESPECIALIDAD|91|SALUD|RECONOCIDO POR LIC.|RECONOCIDO POR LIC.
014|UNIVERSIDAD PERUANA CAYETANO HEREDIA|PRIVADO|LICENCIA OTORGADA|10|S|UPCH-LIMA|LIMA|LIMA|SL01|LIMA|LIMA|SAN MARTIN DE PORRES|-12.0239471|-77.0564991|AUTORIZADO POR LIC.|CARRERA PROFESIONAL DE FARMACIA Y BIOQUIMICA|PREGRADO|CARRERA PROFESIONAL|91|SALUD|RECONOCIDO POR LIC.|RECONOCIDO POR LIC.
052A|UNIVERSIDAD CESAR VALLEJO S.A.C.|PRIVADO|LICENCIA OTORGADA|6|F01|UPCV-PIURA|PIURA|PIURA|F01L01|PIURA|PIURA|VEINTISEIS DE OCTUBRE|-5.168798939|-80.65734342|AUTORIZADO POR LIC.|CONTABILIDAD|PREGRADO|CARRERA PROFESIONAL|41|ADMINISTRACION Y COMERCIO|RECONOCIDO POR LIC.|RECONOCIDO POR LIC.
007|UNIVERSIDAD NACIONAL AGRARIA LA MOLINA|PUBLICO|LICENCIA OTORGADA|8|S|UNALM-LIMA|LIMA|LIMA|SL01|LIMA|LIMA|LA MOLINA|-12.0817493|-76.9431895|AUTORIZADO POR LIC.|ESTADISTICA INFORMATICA|PREGRADO|CARRERA PROFESIONAL|54|MATEMATICAS Y ESTADISTICA|RECONOCIDO POR LIC.|RECONOCIDO POR LIC.
014|UNIVERSIDAD PERUANA CAYETANO HEREDIA|PRIVADO|LICENCIA OTORGADA|10|S|UPCH-LIMA|LIMA|LIMA|SL03|LIMA|LIMA|SAN ISIDRO|-12.091066|-77.052041|AUTORIZADO POR LIC.|MEDICINA FISICA Y DE REHABILITACION|POSGRADO|SEGUNDA ESPECIALIDAD|00|NINGUNO|RECONOCIDO POR LIC.|RECONOCIDO POR LIC.
065|UNIVERSIDAD TECNOLOGICA DEL PERU S.A.C.|PRIVADO|LICENCIA OTORGADA|6|S|UTP-LIMA|LIMA|LIMA|SL07|LIMA|LIMA|SAN ISIDRO|-12.0905798|-77.0519189|AUTORIZADO POR LIC.|MAESTRIA EN MARKETING Y GESTION COMERCIAL|POSGRADO|MAESTRIA|41|ADMINISTRACION Y COMERCIO|RECONOCIDO POR LIC.|RECONOCIDO POR LIC.
029|UNIVERSIDAD DE PIURA|PRIVADO|LICENCIA OTORGADA|8|F01|UDEP-LIMA|LIMA|LIMA|F01L01|LIMA|LIMA|MIRAFLORES|-12.1199404|-77.030347|AUTORIZADO POR LIC.|MAESTRIA EN DIRECCION DE PROYECTOS|POSGRADO|MAESTRIA|41|ADMINISTRACION Y COMERCIO|RECONOCIDO POR LIC.|RECONOCIDO POR LIC.
 MENCI�N EN GESTI�N DE TECNOLOG�A DE LA INFORMACI�N Y COMUNICACI�N|POSGRADO|MAESTR�A|00|NINGUNO|RECONOCIDO POR LIC.|RECONOCIDO POR LIC.






































































































































































































































































































































































































































































































 MENCI�N EN GESTI�N P�BLICA|POSGRADO|MAESTR�A|00|NINGUNO|RECONOCIDO POR LIC.|RECONOCIDO POR LIC.











































































































































































































































































































































































































































































































































































 MENCI�N EN DERECHO CONSTITUCIONAL|POSGRADO|MAESTR�A|00|NINGUNO|RECONOCIDO POR LIC.|RECONOCIDO POR LIC.








































































































































































































































































































 MENCI�N EN GESTI�N MUNICIPAL Y GOBIERNO REGIONAL|POSGRADO|MAESTR�A|00|NINGUNO|RECONOCIDO POR LIC.|RECONOCIDO POR LIC.































































































































































 MENCI�N EN SEGURIDAD Y SALUD MINERA|POSGRADO|MAESTR�A|00|NINGUNO|RECONOCIDO POR LIC.|RECONOCIDO POR LIC.











































































































































 MENCI�N EN ADMINISTRACI�N Y GERENCIA EN SERVICIOS DE SALUD|POSGRADO|MAESTR�A|00|NINGUNO|RECONOCIDO POR LIC.|RECONOCIDO POR LIC.















































































































































































































































































































 MENCI�N EN EDUCACI�N AMBIENTAL Y DESARROLLO SOSTENIBLE|POSGRADO|MAESTR�A|00|NINGUNO|RECONOCIDO POR LIC.|RECONOCIDO POR LIC.





















































































































































































































































































 MENCI�N EN ADMINISTRACI�N Y PLANIFICACI�N DE LA EDUCACI�N|POSGRADO|MAESTR�A|00|NINGUNO|RECONOCIDO POR LIC.|RECONOCIDO POR LIC.






























































































































































































































































































































































































































































































































































































































































































 MENCI�N EN SALUD P�BLICA Y GESTI�N AMBIENTAL|POSGRADO|MAESTR�A|00|NINGUNO|RECONOCIDO POR LIC.|RECONOCIDO POR LIC.




















































































 PARA OPTAR EL GRADO DE BACHILLE|PREGRADO|CARRERA PROFESIONAL|19|OTROS PROGRAMAS EN EDUCACI�N|RECONOCIDO POR LIC.|RECONOCIDO POR LIC.


























































































































































































































































































































































































































































































































































 MENCI�N EN DERECHO PENAL|POSGRADO|MAESTR�A|00|NINGUNO|RECONOCIDO POR LIC.|RECONOCIDO POR LIC.





































































































































































































































































































 MENCI�N EN PRODUCCI�N ANIMAL|POSGRADO|MAESTR�A|00|NINGUNO|RECONOCIDO POR LIC.|RECONOCIDO POR LIC.



























































































































































































































































































 MENCI�N EN SALUD REPRODUCTIVA|POSGRADO|MAESTR�A|00|NINGUNO|RECONOCIDO POR LIC.|RECONOCIDO POR LIC.







































































































































































































































































































 MENCI�N EN LING��STICA QUECHUA Y EDUCACI�N INTERCULTURAL|POSGRADO|MAESTR�A|00|NINGUNO|RECONOCIDO POR LIC.|RECONOCIDO POR LIC.













































































































































































































































































































































































































































































































































































































 MENCI�N EN AGRONEGOCIOS Y COMERCIO INTERNACIONAL|POSGRADO|MAESTR�A|00|NINGUNO|RECONOCIDO POR LIC.|RECONOCIDO POR LIC.








































































































































































































 MENCI�N EN INVESTIGACI�N Y DOCENCIA SUPERIOR|POSGRADO|MAESTR�A|00|NINGUNO|RECONOCIDO POR LIC.|RECONOCIDO POR LIC.






























































































































































 MENCI�N EN SALUD P�BLICA|POSGRADO|MAESTR�A|00|NINGUNO|RECONOCIDO POR LIC.|RECONOCIDO POR LIC.






































































































































































































































































































































































































































































































































































































































































 MENCI�N EN AUDITOR�A INTEGRAL|POSGRADO|MAESTR�A|00|NINGUNO|RECONOCIDO POR LIC.|RECONOCIDO POR LIC.






































































































































































 MENCI�N EN ECOLOG�A Y GESTI�N AMBIENTAL|POSGRADO|MAESTR�A|00|NINGUNO|RECONOCIDO POR LIC.|RECONOCIDO POR LIC.















































































































































 MENCI�N EN PLANEACI�N ESTRAT�GICA Y GESTI�N EN INGENIER�A DE PROYECTOS|POSGRADO|MAESTR�A|00|NINGUNO|RECONOCIDO POR LIC.|RECONOCIDO POR LIC.



















































































































































































































































































































 MENCI�N EN CRECIMIENTO Y DESARROLLO HUMANO|POSGRADO|MAESTR�A|00|NINGUNO|RECONOCIDO POR LIC.|RECONOCIDO POR LIC.





































































































































































































































































































































 MENCI�N EN EDUCACI�N Y DESARROLLO RURAL|POSGRADO|MAESTR�A|00|NINGUNO|RECONOCIDO POR LIC.|RECONOCIDO POR LIC.
